YPBBN	DoH	He3oH	Li7oH
2.47058193130572396e-01	2.42296511352414634e-05	1.03469434695579050e-05	5.45970903711962974e-10
2.47000172963095482e-01	2.42745710705121694e-05	1.03294738054841798e-05	5.63289617736020817e-10
2.46687900182404052e-01	2.41348776200960922e-05	1.03589736880394994e-05	5.46312950094647513e-10
2.47021856781530935e-01	2.49706270301453045e-05	1.03259133941634983e-05	5.26815357777290375e-10
2.46697060912870664e-01	2.44164968739120858e-05	1.04124999895064805e-05	5.68940244246285286e-10
2.46936373596448100e-01	2.41689809349584913e-05	1.03374200516122925e-05	5.36589928232125196e-10
2.46899124350372701e-01	2.45085424036337431e-05	1.04272605880154811e-05	5.63620238710966916e-10
2.46844437884660511e-01	2.47042304575453126e-05	1.04375082952722141e-05	5.54145509129107390e-10
2.46990990700081514e-01	2.43804501474485559e-05	1.05530959863473905e-05	5.69696588012181917e-10
2.46900424959382220e-01	2.44882299984646198e-05	1.04610459201113010e-05	5.58710034153098345e-10
2.46786126043430837e-01	2.42687706827107528e-05	1.04676148152832804e-05	5.51330391490729988e-10
2.46954213339259460e-01	2.46679390224585447e-05	1.05743744635073864e-05	5.73381871350992421e-10
2.46768079274627794e-01	2.47215447558138862e-05	1.02996570844894694e-05	5.19897665773812547e-10
2.47034812072665949e-01	2.45406530208461671e-05	1.04986895848928128e-05	5.39013590624805240e-10
2.46916477209876389e-01	2.45960963100839039e-05	1.04326280736884027e-05	5.58488576710424696e-10
2.46836866037488417e-01	2.43617917664502338e-05	1.04098389923558528e-05	5.63600583754925900e-10
2.46875878563816542e-01	2.46053541720748219e-05	1.02532484498794474e-05	5.38071708227136416e-10
2.46950548296586553e-01	2.48092764288335815e-05	1.02154007873596494e-05	5.25314967527982765e-10
2.47075486920981274e-01	2.44036454838171127e-05	1.03566086952417787e-05	5.58292806560136696e-10
2.47013785919712459e-01	2.50694597887279550e-05	1.03282864590229740e-05	5.49559001977157710e-10
2.46703163241255574e-01	2.44161823519377097e-05	1.05400309709185558e-05	5.88228298647669114e-10
2.46795302850874254e-01	2.44728300646070985e-05	1.06314729563133517e-05	5.54070467576077140e-10
2.47000005305079234e-01	2.44928590636359710e-05	1.02808672826069997e-05	5.51205704182712259e-10
2.47102587160088899e-01	2.47236276400004822e-05	1.02634073881838358e-05	5.21512254031582957e-10
2.47110659835277302e-01	2.45040310417844903e-05	1.03294334869218364e-05	5.22263867396264754e-10
2.46796677272532877e-01	2.39887874877007112e-05	1.04794574972513296e-05	5.57382321360289716e-10
2.47134052407698535e-01	2.42782340098244137e-05	1.05487720093493106e-05	5.85592082526544498e-10
2.46890025399542773e-01	2.38783833470066998e-05	1.05140356376815143e-05	5.69847808993851538e-10
2.46890329718249368e-01	2.45536562446853159e-05	1.02142010082050800e-05	5.36307620708621878e-10
2.46971936334061060e-01	2.45007958639363814e-05	1.00803820111779059e-05	5.38769995845016250e-10
2.46985110863699314e-01	2.46508501764150430e-05	1.02842010860092281e-05	5.50573407549963387e-10
2.46964227266521286e-01	2.42953139691878646e-05	1.03220501295403965e-05	5.56212864595054278e-10
2.46766905951079446e-01	2.47128360009935697e-05	1.05452147434612671e-05	5.69764712650961142e-10
2.46967957740175575e-01	2.40701312603728695e-05	1.05087607494909343e-05	5.61896812191363001e-10
2.46949303410709670e-01	2.47602210483695806e-05	1.04144900665473664e-05	5.61251449956316021e-10
2.46811590909320561e-01	2.44853149925008126e-05	1.04869047950137017e-05	5.75355852547740158e-10
2.46979919269463000e-01	2.42065835726685501e-05	1.02456783249724122e-05	5.52345664781145778e-10
2.46872444522846540e-01	2.44385707213523277e-05	1.03822679189970717e-05	5.38004144537568361e-10
2.47036352655861935e-01	2.43805434311479177e-05	1.06035105342252520e-05	5.98940080624184231e-10
2.47072596048882487e-01	2.42988348355326368e-05	1.01442305385197875e-05	5.28912386368119988e-10
2.46766417211768174e-01	2.43295733765982559e-05	1.04832556341287226e-05	5.56475527354009556e-10
2.47063308951585126e-01	2.45334865500722286e-05	1.03842609665026115e-05	5.66229433198374966e-10
2.47034346729994803e-01	2.45850284570797535e-05	1.04419642199644995e-05	5.73046943527098874e-10
2.47134893526403221e-01	2.45495683693883632e-05	1.02667614776662884e-05	5.42278053158352711e-10
2.46947197371254784e-01	2.46184601396631042e-05	1.03932370444007321e-05	5.52211020609194526e-10
2.47093135709098272e-01	2.41666615564599517e-05	1.07264448388285860e-05	5.69989356870287557e-10
2.46924566554517777e-01	2.46212452163944619e-05	1.03949471118060125e-05	5.43959189804531908e-10
2.47020595144811422e-01	2.42474525743759721e-05	1.05527927304065916e-05	5.67241341390595011e-10
2.47045570237545725e-01	2.44480272931919921e-05	1.03439836723920107e-05	5.52445420891572237e-10
2.46728720141307339e-01	2.44400195743600160e-05	1.04281419289309974e-05	5.68392601541800287e-10
2.46871988884032861e-01	2.45614874409424855e-05	1.03246503639111475e-05	5.55841096861917419e-10
2.46875557345011404e-01	2.45787431493598945e-05	1.04437265825966700e-05	5.67828307304899372e-10
2.47067383341469715e-01	2.42268325372925724e-05	1.04459814634870361e-05	5.57949649818478537e-10
2.46911968113832009e-01	2.46029230708992775e-05	9.91013782557288955e-06	5.08719603394604843e-10
2.46814884075139102e-01	2.45370648022470025e-05	1.03546744685147346e-05	5.25859873646409652e-10
2.47116208783964897e-01	2.47381827404680444e-05	1.02314900414110710e-05	5.60614228254252186e-10
2.46845588873368327e-01	2.47588630213832992e-05	1.03404325524499800e-05	5.55023021877423840e-10
2.46852433876826122e-01	2.46842291340133102e-05	1.04309781504800656e-05	5.35778011756675930e-10
2.46982940544367285e-01	2.46017598347101967e-05	1.05505447917090144e-05	5.68419607679781964e-10
2.46970112002648512e-01	2.40837685454119929e-05	1.02601367552824337e-05	5.37092753858617233e-10
2.46950287634614102e-01	2.43802542841710616e-05	1.03097692036481091e-05	5.89275070252301477e-10
2.46880310591594931e-01	2.47023203504965317e-05	1.03283254971573054e-05	5.28903826318711374e-10
2.46966777631461576e-01	2.43716586567635374e-05	1.02696877105050991e-05	5.56128699737422600e-10
2.47065182749038659e-01	2.41137174192909912e-05	1.06421808197811731e-05	5.68931877567011202e-10
2.46809596372734225e-01	2.48779387289851351e-05	1.01670263545269637e-05	5.25312626903583845e-10
2.46896711985316430e-01	2.45949518664853267e-05	1.05465624367749035e-05	5.76031101963845334e-10
2.47135696198847815e-01	2.43070998243020900e-05	1.03375363925306030e-05	5.73306388365378102e-10
2.46880139468958981e-01	2.46206942314530097e-05	1.03437815888378271e-05	5.37284619518271967e-10
2.46908384692536564e-01	2.44543282038734211e-05	1.02964290069463236e-05	5.40621621923350351e-10
2.46814363179844232e-01	2.46565391707427197e-05	1.03210582830073028e-05	5.23826569527131720e-10
2.46988058410430089e-01	2.41907839907619759e-05	1.04176096287096779e-05	5.26975290566073796e-10
2.46976582682178425e-01	2.44676206866690078e-05	1.03185498075868824e-05	5.44426512384524734e-10
2.47013704432718889e-01	2.43997802112771882e-05	1.02550955543681045e-05	5.29802727800823536e-10
2.46943669634726776e-01	2.39560288087380987e-05	1.05878955151769264e-05	5.61411034521536283e-10
2.46914500115030106e-01	2.47263803202891608e-05	1.03748227641886353e-05	5.61055261457960323e-10
2.47084061434659885e-01	2.45129849750078825e-05	1.05010280435689708e-05	5.77410543520666390e-10
2.47138055983587096e-01	2.45483003640286485e-05	1.04536303768346462e-05	5.59061130189958925e-10
2.46857341098834754e-01	2.39374064168420762e-05	1.04434716590096221e-05	5.50918322691405581e-10
2.47128690934318745e-01	2.45245619514352186e-05	1.02748628244104234e-05	5.17224946852967604e-10
2.47050880212826729e-01	2.43729384341358568e-05	1.04464262134603850e-05	5.59471643134419053e-10
2.46919051916312415e-01	2.48800559008779468e-05	1.03153575528094346e-05	5.51716321458509029e-10
2.46893943036902264e-01	2.46041986015606868e-05	1.03433551439019448e-05	5.35813214615419212e-10
2.46893346111805717e-01	2.44880440643219477e-05	1.03730698190307013e-05	5.27693578903805765e-10
2.46942102784279666e-01	2.45497506042380137e-05	1.03553477998010340e-05	5.17553289168290688e-10
2.46892172371990792e-01	2.42813148390796966e-05	1.05322728441457974e-05	5.75363682140081082e-10
2.47013279357422594e-01	2.45022746459607254e-05	1.02613133928300641e-05	5.45030757433089301e-10
2.46991858170253542e-01	2.43934045363059039e-05	1.05684433595781895e-05	5.57512682220877806e-10
2.47020289297788159e-01	2.53370758465513785e-05	1.01494606404169040e-05	5.15947587739139175e-10
2.46828525343109201e-01	2.44453559496977366e-05	1.04183971039572822e-05	5.54455182931000040e-10
2.47074965598832769e-01	2.42120885326971523e-05	1.03392151066274469e-05	5.66568414363500142e-10
2.46982915673320286e-01	2.48451902476343646e-05	1.03003779051898746e-05	5.45568371227475527e-10
2.46935070705109477e-01	2.41503986857620309e-05	1.05301734469573404e-05	5.76298084930297641e-10
2.47032479066441990e-01	2.42593492295618706e-05	1.05491339286318431e-05	5.65091352926776224e-10
2.46994729414865249e-01	2.44912728569928152e-05	1.03688595098313801e-05	5.45279901638193538e-10
2.46790551722380513e-01	2.46043641618228656e-05	1.05574441532939004e-05	5.37508209569593139e-10
2.47016646713681287e-01	2.42474106293020152e-05	1.05270185504197988e-05	5.62828398919446021e-10
2.47143586739235671e-01	2.38970374028862031e-05	1.05006020321176966e-05	5.79676818207528779e-10
2.46830854338180500e-01	2.42542087392135957e-05	1.06606088076578595e-05	5.68317200579294430e-10
2.47002615835757389e-01	2.43972085333617215e-05	1.02004618451154324e-05	5.57324403070153171e-10
2.46873066913262967e-01	2.45383616377222955e-05	1.03538517736237664e-05	5.48176684354201258e-10
2.46749836027257807e-01	2.48606597386521901e-05	1.01533821288105593e-05	5.14741072850487586e-10
2.46925454698808278e-01	2.46257034347407531e-05	1.03148619240901705e-05	5.27935547904576319e-10
2.47120542748373917e-01	2.50387017242514159e-05	1.05103286303567049e-05	5.57285929078599288e-10
2.46857342768548982e-01	2.42579916484396955e-05	1.04894594330935766e-05	5.55907356357599428e-10
2.46982392399922146e-01	2.41319004040508418e-05	1.06274973928956765e-05	5.85503171912069916e-10
2.47157893422819713e-01	2.43107678354243547e-05	1.05106050109865248e-05	5.53362106200814382e-10
2.47114613736726524e-01	2.42722592635403111e-05	1.04446442831414712e-05	5.49308861826908751e-10
2.47027761995006395e-01	2.42727474157596753e-05	1.03345046592272369e-05	5.70298866484783922e-10
2.46975299749978422e-01	2.47618145600726307e-05	1.04101646487714458e-05	5.53707715510759005e-10
2.46944915660782499e-01	2.49976416721899697e-05	1.01805117694442586e-05	5.45244024931557641e-10
2.47036962360983547e-01	2.46359408912347434e-05	1.03213913863412288e-05	5.58361994359403228e-10
2.46945916270016830e-01	2.42818219368046696e-05	1.04942067340600431e-05	5.68660901083144370e-10
2.47034801616343613e-01	2.41873996175457167e-05	1.04009017331178545e-05	5.70308283523207755e-10
2.46910242197371149e-01	2.41214153173757171e-05	1.01878257529351349e-05	5.62572515551281537e-10
2.46998336598611840e-01	2.43734126618577407e-05	1.06256724433740166e-05	5.60890669264626406e-10
2.46941521671222491e-01	2.44001117990897411e-05	1.05452347011628572e-05	6.05220380664310965e-10
2.46966429596074732e-01	2.45611327715014390e-05	1.04426824275643102e-05	5.56720242925963079e-10
2.46958402877113181e-01	2.43418997550018134e-05	1.02662135171789872e-05	5.49911800074166742e-10
2.46867971171701395e-01	2.44146347393704464e-05	1.03884826598443780e-05	5.75200411253996819e-10
2.47051957293535934e-01	2.45534217238271619e-05	1.04771403976664099e-05	5.38568825754338747e-10
2.46823531580837224e-01	2.48430429738499179e-05	1.03526214673325500e-05	5.24403839571585906e-10
2.47007762230613187e-01	2.44057070579414835e-05	1.02013353036440007e-05	5.36861027970916944e-10
2.46803077904402202e-01	2.40749302814575872e-05	1.05633506992160564e-05	5.82837710521052503e-10
2.46908935952691561e-01	2.44328449196254136e-05	1.04455029530171137e-05	6.03252057845858974e-10
2.47230780882600670e-01	2.43449911859919895e-05	1.03800600009016849e-05	5.56853874787470820e-10
2.47088329098909765e-01	2.45299337740608156e-05	1.03050232512919868e-05	5.53527476820468886e-10
2.46941155199615958e-01	2.49822519051893542e-05	1.03401552649754296e-05	5.27588041539405548e-10
2.46973795096792903e-01	2.41741333466225683e-05	1.04917251602030885e-05	5.59671265039631094e-10
2.47003249937569141e-01	2.44261750003241036e-05	1.04650940331550848e-05	5.52390453692791540e-10
2.47111758680666899e-01	2.47079479217302346e-05	1.02966384630614667e-05	5.70631094464208690e-10
2.46914214916261865e-01	2.42354790333380051e-05	1.02502216894421062e-05	5.48452706307112001e-10
2.46927078852804793e-01	2.42581024946517739e-05	1.06736491350591032e-05	5.74770131733249473e-10
2.46968464351599942e-01	2.44010973595862970e-05	1.04754080454041507e-05	5.47832266520737763e-10
2.47071333747057170e-01	2.44216892798053268e-05	1.05423586975931463e-05	5.54979454019061951e-10
2.47086694051759870e-01	2.42108649274239875e-05	1.02619893113528443e-05	5.72618149270612984e-10
2.46970982551987434e-01	2.44776812261400388e-05	1.04798025848447232e-05	5.45200573802998430e-10
2.47074509583521090e-01	2.45706830154081377e-05	1.04662124529208744e-05	5.82101273559813081e-10
2.46925201439794711e-01	2.47669369760181319e-05	1.02798163050564374e-05	5.53782645421244849e-10
2.47018016802814461e-01	2.39140752439860382e-05	1.04059417491140076e-05	5.57627561839050860e-10
2.47021867552718460e-01	2.44320846424262797e-05	1.02951341562300183e-05	5.38270009103571018e-10
2.46928027863491106e-01	2.44495343095991277e-05	1.04072220969222984e-05	5.46708366618045332e-10
2.46918264255053505e-01	2.47696896564130962e-05	1.03875653981275178e-05	5.18887834030218440e-10
2.46836308510020391e-01	2.42404698622622926e-05	1.05193362406652787e-05	5.41370923113156508e-10
2.46721362936256378e-01	2.42991148479394563e-05	1.03680950009867455e-05	5.65892991177730325e-10
2.46803583002275340e-01	2.42699619174017540e-05	1.08005112288589912e-05	5.98669021625736474e-10
2.46982733184945985e-01	2.46814081621269333e-05	1.04340467298473836e-05	5.87316871360064228e-10
2.47016211902257865e-01	2.47328326280341837e-05	1.04060921632639675e-05	5.40940874615499222e-10
2.46960856008162422e-01	2.41934795620157970e-05	1.05063787101684215e-05	5.77559293581028612e-10
2.47016686252936601e-01	2.39500405603793412e-05	1.06442753630362314e-05	5.63376743993586460e-10
2.46863169843887814e-01	2.49907165523422549e-05	1.01681012331969045e-05	5.33910036524488824e-10
2.47013993452865482e-01	2.43208145249088561e-05	1.04112374095104593e-05	5.57477058187459462e-10
2.46968208676519418e-01	2.49585653613464503e-05	1.04658031484972683e-05	5.40816922220889089e-10
2.46991880456634449e-01	2.45764531372940786e-05	1.04822479784161307e-05	5.31340276370707171e-10
2.46998069229822120e-01	2.42410392102297461e-05	1.05362284455073522e-05	5.49624363333917125e-10
2.46899027235932988e-01	2.42580492736755435e-05	1.04610033921787213e-05	5.88411748708474910e-10
2.46805063668872476e-01	2.43797509608557166e-05	1.03739882428358636e-05	5.53589324128082399e-10
2.46860339363342784e-01	2.46482615894166609e-05	1.06097280072343637e-05	5.35589178734973845e-10
2.47057451359282393e-01	2.51101868178198759e-05	1.01860568907200253e-05	5.33870978814081454e-10
2.46967034724607876e-01	2.43101331025289911e-05	1.07416933953562467e-05	5.63433542355298503e-10
2.46886834181396564e-01	2.41443915894239335e-05	1.03766767398961775e-05	5.38574033108216553e-10
2.46963682979130267e-01	2.46386110189227922e-05	1.04035566339930169e-05	5.36032126782943467e-10
2.46981217739755232e-01	2.45706595933907129e-05	1.02614787326544442e-05	5.38337524299748041e-10
2.47169442474101497e-01	2.44002348575061000e-05	1.04490609623153581e-05	5.43113241830835409e-10
2.46829017640520482e-01	2.43143775809631367e-05	1.04156308254830512e-05	5.73134850496765757e-10
2.46943167579482842e-01	2.39535905556197217e-05	1.04263165043960253e-05	5.60703679549284889e-10
2.46861692790689008e-01	2.46535555729233082e-05	1.04377563124817264e-05	5.60241013184292020e-10
2.46952327192814181e-01	2.45537767171959691e-05	1.05704570725954608e-05	5.68463281929859778e-10
2.47103845154134971e-01	2.49151741210830316e-05	1.03845101666935049e-05	5.52800960141791092e-10
2.46817872102128050e-01	2.44425618975759372e-05	1.03344800532812838e-05	5.55253359841502368e-10
2.47063158838111974e-01	2.43577862107245932e-05	1.04129336313163376e-05	5.48313386229327625e-10
2.46966638005584133e-01	2.45191772453119980e-05	1.04257246956172730e-05	5.47425370766960099e-10
2.46950404237873761e-01	2.48577981129477767e-05	1.03821713148129299e-05	5.12631174004260533e-10
2.46928247990702177e-01	2.47083577430520173e-05	1.04327700177272585e-05	5.43333408824841787e-10
2.46876946162669586e-01	2.47737531942425387e-05	1.02770948189187723e-05	5.20434116320783644e-10
2.46622681041400726e-01	2.47488185038928041e-05	1.04553713421239890e-05	5.33950393859037214e-10
2.47086729646567665e-01	2.43566702076442026e-05	1.03034093529944094e-05	5.46140531340436899e-10
2.46891720028486555e-01	2.43046845572264426e-05	1.05912592829464933e-05	5.45861039396578356e-10
2.47017456547368869e-01	2.40241684302437502e-05	1.05430803404033522e-05	5.73030562491257951e-10
2.47000034505492794e-01	2.39604543838647501e-05	1.06452594086334854e-05	5.74762614590240630e-10
2.46886154416124853e-01	2.46771901643620584e-05	1.02917475724120335e-05	5.33344134510910288e-10
2.46927121102169772e-01	2.41880397945847005e-05	1.05675414230826391e-05	5.57224285902512288e-10
2.47195913975500614e-01	2.44083996773048839e-05	1.05603219112549890e-05	5.29018263687224792e-10
2.46920008111436606e-01	2.43277413442144705e-05	1.03196306627338828e-05	5.12102705735115383e-10
2.47123531023794890e-01	2.42282372829738235e-05	1.04944258411787662e-05	5.33012796733983299e-10
2.46737153432445067e-01	2.49992745555863236e-05	1.03879275455473192e-05	5.11659343684946760e-10
2.47027163103672454e-01	2.40024497825581916e-05	1.03430668316253854e-05	5.46984042071209706e-10
2.47057090237459615e-01	2.40574698833355425e-05	1.04808060030368090e-05	5.68031298017701525e-10
2.46851812136756388e-01	2.42901302955321180e-05	1.05399462707244199e-05	5.41104106895732950e-10
2.47009486896163200e-01	2.44401067697880213e-05	1.05213910640795749e-05	5.27917683202016542e-10
2.46822701590741600e-01	2.44592475131678703e-05	1.03618161709008285e-05	5.37845407907447480e-10
2.46964223119113757e-01	2.49463752876736465e-05	1.01837694566762778e-05	5.33976850155401056e-10
2.47035160141536175e-01	2.40866578088267198e-05	1.05108865413402639e-05	5.50044812401743225e-10
2.47027224193730799e-01	2.43385077001709427e-05	1.04404710244731265e-05	5.53532966980835686e-10
2.46833206556879542e-01	2.42970618019997476e-05	1.05061743629111223e-05	5.67135561254925777e-10
2.46900557553920208e-01	2.44130573244123660e-05	1.03772259201683177e-05	5.32416467779181252e-10
2.46916116843429845e-01	2.46717176808890672e-05	1.06466449265854662e-05	5.70630507990794650e-10
2.46772189274585274e-01	2.44045504370906441e-05	1.06091925372716701e-05	5.56197530868122394e-10
2.46836214468578036e-01	2.44449587206037514e-05	1.06327929037375754e-05	5.71097612545271581e-10
2.47049758595439400e-01	2.42966073524634803e-05	1.03133695803270195e-05	5.36894202087554563e-10
2.46949848738653860e-01	2.42253973719223334e-05	1.04630636931660483e-05	5.39906301522672840e-10
2.47116603531871259e-01	2.49719824386180596e-05	1.04444470909598982e-05	5.22857828322255974e-10
2.46891329910111118e-01	2.41361807648494905e-05	1.06326079432369585e-05	5.85379703040846323e-10
2.47228016427923636e-01	2.43412432728145986e-05	1.03798931369805110e-05	5.48399963072975062e-10
2.46886613357804846e-01	2.46370559394264831e-05	1.04615097934562526e-05	5.44578684604043871e-10
2.46966915265486309e-01	2.40444323022700775e-05	1.05333690203089312e-05	5.81724916282046620e-10
2.46866265022042980e-01	2.44970510782673950e-05	1.06385314094437646e-05	5.48482870175530122e-10
2.46898775280345151e-01	2.45612154526124947e-05	1.04001573221213747e-05	5.52198966744059405e-10
2.46967652617846506e-01	2.44053521410806562e-05	1.05240037663616524e-05	5.44607749064541084e-10
2.47103095229960157e-01	2.41797540845333013e-05	1.04497470235329803e-05	5.94483433886773608e-10
2.46877347499791178e-01	2.40978314544604199e-05	1.04874579830295722e-05	5.71163798830419855e-10
2.46911816054449784e-01	2.47667263480787087e-05	1.05202997232430077e-05	5.55407105100462197e-10
2.46901661896139268e-01	2.43422032688532756e-05	1.02602701273346174e-05	5.53330918832828980e-10
2.46925433661242949e-01	2.42187494318467104e-05	1.05743225755441610e-05	5.73317175881963823e-10
2.46975676096375302e-01	2.48793175521005548e-05	1.03917721162153813e-05	5.36708657222942023e-10
2.46977579246007439e-01	2.42878897457816898e-05	1.05297074680859676e-05	5.85935647181581934e-10
2.46944463068232700e-01	2.45980896121311114e-05	1.04091990580086152e-05	5.71068711983516984e-10
2.47019219529146350e-01	2.48377581760262770e-05	1.02837621050530943e-05	5.44691457777027995e-10
2.46821627543008570e-01	2.45231591037787855e-05	1.04935630199463429e-05	5.38018925815573757e-10
2.46990248088137965e-01	2.49132615715012551e-05	1.01554827204762947e-05	5.39373929211580659e-10
2.46709332994544478e-01	2.46587467244569840e-05	1.04430843755819131e-05	5.52166467436265008e-10
2.46938185712900271e-01	2.49588771139336559e-05	1.01080063091566888e-05	5.20994679109005443e-10
2.46945649872795131e-01	2.44682059201191251e-05	1.04194873690628822e-05	5.52192326269113590e-10
2.46858459225990229e-01	2.43726187564289875e-05	1.06947073901471400e-05	5.46868104468171288e-10
2.47057497477615906e-01	2.42489279758980036e-05	1.05626153760508416e-05	5.59940442892632329e-10
2.46820588132151880e-01	2.42922295831503462e-05	1.06536242119821497e-05	5.51241365538703061e-10
2.47014107852729620e-01	2.43522668860603741e-05	1.03761614991197553e-05	5.56128739476283513e-10
2.46803425262607901e-01	2.47568163222401427e-05	1.02978255677134855e-05	5.46181026108435862e-10
2.47132865550135972e-01	2.44548151124685259e-05	1.04883741686795116e-05	5.80148652354395793e-10
2.47012775984357502e-01	2.42330012995810922e-05	1.04176220698361370e-05	5.86830049314889255e-10
2.46821225942066208e-01	2.49092281007565768e-05	1.03343895727043091e-05	5.50838825831997565e-10
2.46922915704861218e-01	2.46157074363765561e-05	1.02483817245236156e-05	5.55505123041241970e-10
2.46839341909877663e-01	2.47923134153972481e-05	1.04421953140079031e-05	5.21751942471291251e-10
2.46964664942543960e-01	2.47518245769118446e-05	1.03040826336884135e-05	5.47759408559671176e-10
2.47138955850199071e-01	2.44757136576164604e-05	1.03748307100121541e-05	5.28585112457483459e-10
2.46872742445147952e-01	2.40126725927563142e-05	1.06189574779020826e-05	5.54690953947902660e-10
2.47105144087162415e-01	2.47610111782609694e-05	1.03257689602938928e-05	5.48309706390282233e-10
2.47128065299863836e-01	2.42224080915820177e-05	1.06452879314898560e-05	5.60003592693337191e-10
2.46762986376717758e-01	2.47496052855596192e-05	1.02098262260211988e-05	5.17600374855010714e-10
2.47061705840855239e-01	2.43561812291734175e-05	1.02914592162003444e-05	5.47804764614250669e-10
2.47010714653182750e-01	2.42113840566010755e-05	1.02845440470270591e-05	5.61306881496789064e-10
2.46979535336054490e-01	2.48626812590757568e-05	1.02802094007550668e-05	5.56079459565651473e-10
2.46806509561703080e-01	2.44115197786132209e-05	1.03796184434641611e-05	5.57165408108250631e-10
2.46958818012675829e-01	2.45117316757884514e-05	1.02082816421786353e-05	5.18029366948425673e-10
2.46725995229620548e-01	2.47668310458072703e-05	1.04191746712967117e-05	5.28304229758654598e-10
2.46895390422121275e-01	2.47169985063852460e-05	1.04175495859647709e-05	5.29731761241434082e-10
2.46929836036199418e-01	2.44379493420644328e-05	1.03379813431785729e-05	5.69575817764802581e-10
2.47013330789475766e-01	2.40680755655392629e-05	1.05536124659999782e-05	5.73860883322785154e-10
2.47037934223304112e-01	2.44671973674166517e-05	1.02422628793983620e-05	5.26369025807569931e-10
2.47040112156099140e-01	2.46075552121964763e-05	1.02260468931633365e-05	5.39307295293539018e-10
2.46750418225630042e-01	2.44023492277172244e-05	1.02917038661593662e-05	5.58688719476873554e-10
2.46885491089998577e-01	2.45480854376709620e-05	1.06319089843973383e-05	5.55752857825029382e-10
2.46864326232857978e-01	2.48390294401430357e-05	1.03751146427746383e-05	5.32829324572241642e-10
2.47139162708697818e-01	2.39707682347119048e-05	1.03547885812079385e-05	5.42988894343074192e-10
2.47002470805920277e-01	2.43453949685965910e-05	1.06449566874212065e-05	5.81426288158086162e-10
2.47087809195204566e-01	2.44047912865023376e-05	1.02570752294491573e-05	5.33250021013426718e-10
2.46779090823212671e-01	2.47605951829012857e-05	1.03104772401768404e-05	5.50238465678610642e-10
2.46823006058897149e-01	2.42119841114502244e-05	1.04175796722537947e-05	5.52268771318873620e-10
2.46938011074244929e-01	2.41991869870423252e-05	1.05174257615157830e-05	5.63386572425919295e-10
2.47140571815941346e-01	2.44313707683264349e-05	1.04716377917656460e-05	5.52577706977138247e-10
2.47118358539043431e-01	2.46043033852447052e-05	1.03162453870171914e-05	5.44957423983552144e-10
2.46855113236065904e-01	2.44611771661269381e-05	1.03419991393389705e-05	5.56692711968786373e-10
2.46945445197478436e-01	2.47341010713866056e-05	1.02643908869596414e-05	5.67265419739500574e-10
2.46837625985256964e-01	2.44394130966471681e-05	1.06488909215371250e-05	5.77312102794335525e-10
2.47053582037971647e-01	2.51036124345372337e-05	1.00445719816904532e-05	5.21729511341778673e-10
2.47039733274013795e-01	2.42250238745044032e-05	1.03488499086876850e-05	5.27714022397296956e-10
2.46931935938633051e-01	2.44366399735997806e-05	1.03084714844772895e-05	5.53654184167449720e-10
2.46865407666954279e-01	2.44941781512430384e-05	1.03158186992967061e-05	5.23082957510474287e-10
2.47147384523049823e-01	2.47475095937958131e-05	1.02802272562739339e-05	5.20234017959297443e-10
2.47052087350389804e-01	2.49256377085434316e-05	1.02970630657551733e-05	5.40727541899033345e-10
2.46813713248239530e-01	2.49962022098992114e-05	1.02568868190867215e-05	5.30874867892764244e-10
2.46972663323502428e-01	2.40513324566511646e-05	1.05584030668035966e-05	5.60806771540782125e-10
2.46929355895969954e-01	2.42311400887825870e-05	1.04790238017110624e-05	5.48294888639440552e-10
2.46964103677554586e-01	2.46716572402457560e-05	1.02582699761968319e-05	5.43495928633405191e-10
2.46895020889515038e-01	2.44137975327257309e-05	1.05119398248216818e-05	5.49474148366244408e-10
2.46876676875494083e-01	2.47266145169502688e-05	1.03720136687172438e-05	5.19508027873634226e-10
2.47179095657855341e-01	2.43953978978890074e-05	1.04039865532541731e-05	5.58801705801749999e-10
2.47184784225987608e-01	2.42074844938106311e-05	1.04835129287187701e-05	5.35269202748352984e-10
2.47198120025715479e-01	2.44508771848375887e-05	1.05121492680394202e-05	5.61350025300218315e-10
2.47066144072271704e-01	2.40210729246639772e-05	1.05029430431336858e-05	6.04431767632403094e-10
2.46921014739829109e-01	2.45783599177169450e-05	1.03354575964051209e-05	5.67559981002111493e-10
2.47003956812043540e-01	2.44093239225247585e-05	1.03442842743955675e-05	5.43875098468170153e-10
2.46885567253816801e-01	2.46417957477991019e-05	1.02426997370721566e-05	5.31692269018525213e-10
2.47096954720218726e-01	2.42523137857432056e-05	1.05798253691772483e-05	5.67411554316782943e-10
2.46836751128246962e-01	2.45094378781630724e-05	1.05245993273437969e-05	5.75560390238722056e-10
2.47031868246900960e-01	2.44843303004999381e-05	1.02411499888087968e-05	5.20825337088698825e-10
2.46901462510821373e-01	2.45051213476377657e-05	1.03934576088102218e-05	5.52299468678070423e-10
2.47084983883065740e-01	2.41827066510250521e-05	1.05128742451438332e-05	5.81396570087590156e-10
2.46667256224443299e-01	2.47630246007906631e-05	1.04128992043257925e-05	5.28135663672846529e-10
2.46925612826331853e-01	2.41661094399385318e-05	1.04789381050715957e-05	5.77918657195708451e-10
2.46820529267987060e-01	2.49941348793214449e-05	1.04174121145715136e-05	5.60789921199810113e-10
2.46720923841723561e-01	2.47000414117853751e-05	1.05262586951180909e-05	5.35907970835408906e-10
2.46998425675242606e-01	2.41446900858639488e-05	1.04022810919978984e-05	5.57466631369562961e-10
2.47047571633342455e-01	2.46118043658070734e-05	1.03085656164201492e-05	5.67724820206235613e-10
2.47034685632439549e-01	2.41719072155105832e-05	1.03478106226426168e-05	5.76276188896228166e-10
2.46857068955713105e-01	2.41609814853630714e-05	1.04195932366712734e-05	5.52382164766917085e-10
2.47019019856886735e-01	2.45259335841268347e-05	1.06570716352035214e-05	5.65122908404798263e-10
2.46885635042542795e-01	2.40958046831251753e-05	1.03893255345566559e-05	5.57890316222565895e-10
2.46905353614982698e-01	2.42259663134729297e-05	1.04434013484571979e-05	5.66982699367221486e-10
2.47097456280007288e-01	2.43131503210837793e-05	1.01494258987919778e-05	5.42276750248832690e-10
2.46920360732932997e-01	2.48696372597232709e-05	1.03285521379989246e-05	5.41158596097079066e-10
2.47063513445076183e-01	2.37921368896945178e-05	1.05765778051701075e-05	5.80883356333449701e-10
2.46761052342234305e-01	2.41863499666164623e-05	1.03762700082538826e-05	5.46999374695334988e-10
2.46894263391144231e-01	2.43597138801641688e-05	1.06867578501830947e-05	5.66354970142757338e-10
2.46808505773096099e-01	2.45597126231402393e-05	1.03986987264303367e-05	5.34717497171728678e-10
2.46749341102877801e-01	2.41848810895129079e-05	1.03698654117637370e-05	5.52804225937275867e-10
2.46823368434703400e-01	2.48372462898206534e-05	1.03408272110165102e-05	5.20628498813072261e-10
2.46976785719107667e-01	2.42413227773756289e-05	1.04860459725045483e-05	5.53073753102051054e-10
2.46932694534632596e-01	2.44574980429552316e-05	1.02840233316254451e-05	5.58190465203166225e-10
2.46844440334803183e-01	2.42363060331310704e-05	1.05437221682794653e-05	5.65253932020254042e-10
2.46954111206109356e-01	2.43792190433658344e-05	1.02290588376320150e-05	5.35675265627744322e-10
2.46890189068057930e-01	2.42010836521585788e-05	1.04538808617457184e-05	5.65810174192259876e-10
2.46926639967896239e-01	2.43213476980746570e-05	1.03342200872799586e-05	5.33879738393994100e-10
2.47028139193160523e-01	2.40824457734477475e-05	1.03369155284950659e-05	5.60892875585462514e-10
2.46827764855477250e-01	2.46615319679804963e-05	1.04872810987276074e-05	5.47156489645108372e-10
2.47029385098569698e-01	2.42849290824035303e-05	1.04172292332697669e-05	5.59575185507411614e-10
2.46819234809237426e-01	2.46686846598803664e-05	1.03808654080231891e-05	5.65767511779312413e-10
2.46826911393418419e-01	2.49455589331666288e-05	1.02164141075731226e-05	5.38547590505878106e-10
2.46645315508999569e-01	2.42850390075848434e-05	1.03682977793290875e-05	5.57345730290958761e-10
2.47034560457864066e-01	2.45872100169624697e-05	1.04466661609196596e-05	5.30951737119177986e-10
2.46911863454644942e-01	2.46419509161076494e-05	1.02617710003518723e-05	5.02309638781555249e-10
2.47043962311235099e-01	2.44268022494539678e-05	1.04085731289854132e-05	5.57411619950047722e-10
2.46969206018982090e-01	2.51957518759966861e-05	1.01749826990036101e-05	5.16902329723283561e-10
2.46889662141047211e-01	2.47280824972866825e-05	1.03281972906254074e-05	5.22164743549131024e-10
2.46920238141139475e-01	2.45788469137596059e-05	1.02943757523048677e-05	5.71121743328450279e-10
2.46936775566246047e-01	2.46033982856944961e-05	1.04304557518031029e-05	5.34966739840930190e-10
2.46839320218052855e-01	2.47825199427538305e-05	1.02122178970409424e-05	5.47728196489585351e-10
2.47024829482685088e-01	2.42881427464343037e-05	1.03694833209552254e-05	5.61505582326489846e-10
2.47075033098795721e-01	2.43812292669575230e-05	1.04601406803870629e-05	5.47605198884803633e-10
2.47012658857435452e-01	2.44262076299570266e-05	1.03455304945563187e-05	5.55479428552847697e-10
2.46915506491118875e-01	2.40693027223731388e-05	1.05116520147654716e-05	5.77321319432040850e-10
2.47092421861748346e-01	2.38453048607348109e-05	1.03847907905658383e-05	5.64402095671935005e-10
2.46942482219314696e-01	2.47177771679988337e-05	1.02353715936526237e-05	5.50287624633148228e-10
2.46942746148681447e-01	2.42817896144244372e-05	1.03563660500335636e-05	5.40631984406195551e-10
2.46868810763794105e-01	2.45168812979073155e-05	1.05089538037478512e-05	5.46887784732242378e-10
2.46903903067755615e-01	2.48279134668879441e-05	1.04531319511283715e-05	5.51122676900663848e-10
2.46680971187652420e-01	2.43360615625904361e-05	1.03666731249141185e-05	5.71183389250092007e-10
2.46977209362893496e-01	2.47993954529809329e-05	1.02697581601259116e-05	5.53580937309342369e-10
2.46923252017293482e-01	2.45095588882286742e-05	1.04843952166750246e-05	5.75734894859805837e-10
2.46902319997756775e-01	2.42338168657686710e-05	1.06248580447551802e-05	5.70350025801489735e-10
2.47197332483054061e-01	2.40331093721478488e-05	1.06037376970526851e-05	5.82155574345868177e-10
2.46897688557706885e-01	2.43251086227059448e-05	1.04763347931344041e-05	5.66329973232664142e-10
2.46952217641878635e-01	2.40702969241451544e-05	1.05831028444046252e-05	5.46124639081563750e-10
2.47065022897957981e-01	2.42199696907197495e-05	1.04728735202121985e-05	5.35368578709591591e-10
2.46949102948362115e-01	2.47510223860807048e-05	1.04574857942652206e-05	5.48943711207488844e-10
2.46971882326782327e-01	2.44422896530623732e-05	1.05811809293916801e-05	5.83434347353679092e-10
2.46831601733465161e-01	2.41260176927643364e-05	1.06108637566705483e-05	5.73188237504203855e-10
2.47232354421783151e-01	2.39519661276322059e-05	1.05232363268051753e-05	6.08603357742227293e-10
2.46944375242843378e-01	2.43664501675689594e-05	1.02469908407764397e-05	5.26468240917921664e-10
2.46994754419533308e-01	2.48016461163676824e-05	1.02302455933336255e-05	5.05601836966574341e-10
2.46988769528708851e-01	2.44272494489698912e-05	1.05321574650855960e-05	5.59055960437443843e-10
2.47012839238113679e-01	2.47820610804116171e-05	1.02790715482239675e-05	5.42466179866914841e-10
2.46894138894409088e-01	2.42135954623765574e-05	1.04739373925279267e-05	5.66816443507582228e-10
2.47154352835073921e-01	2.47269869522569981e-05	1.03701792235817667e-05	5.50509441492413304e-10
2.47120571968079822e-01	2.42939281436523269e-05	1.05244084214204556e-05	5.38352227889028785e-10
2.47032344461646930e-01	2.45329795467560740e-05	1.02788609212294993e-05	5.60100789017529734e-10
2.46967314742413707e-01	2.41913624855392410e-05	1.03789375659777518e-05	5.87473529224305949e-10
2.46894211436590044e-01	2.43664326323121435e-05	1.02413146478472337e-05	5.53346873424214516e-10
2.46919208504612547e-01	2.43867407597703874e-05	1.02433459426719646e-05	5.71782120327913314e-10
2.47060596453139159e-01	2.39760727328772217e-05	1.05822913502367538e-05	5.64687560957869492e-10
2.46941385981913814e-01	2.51426867879628354e-05	1.01861345412285833e-05	5.39558325615320353e-10
2.46839280136409822e-01	2.45499093416832736e-05	1.03989230884370287e-05	5.62177046394019657e-10
2.46842120113409669e-01	2.41201255652257275e-05	1.06719299519494716e-05	5.89342236893542239e-10
2.46985210020354923e-01	2.45146448483861851e-05	1.04018608344993415e-05	5.28178535136262205e-10
2.47019237272267489e-01	2.42504638054697179e-05	1.03905113959363490e-05	5.71806798892417905e-10
2.46936470152879922e-01	2.46713730027639957e-05	1.05593600639497795e-05	5.49909966384611285e-10
2.47027233379386452e-01	2.43294505425286562e-05	1.03021770969912862e-05	5.51057598710307260e-10
2.46853445783790926e-01	2.44633922514137225e-05	1.04787134024347103e-05	5.43415617972655696e-10
2.46968956362694170e-01	2.42827998149190801e-05	1.03562802693309152e-05	5.67696216182985536e-10
2.46941337742659139e-01	2.44181927190085497e-05	1.04663763865602953e-05	5.61582323796391158e-10
2.47100399306508789e-01	2.43988293020482833e-05	1.04843511510273705e-05	5.65173596977455710e-10
2.46849574771032199e-01	2.37657018742908753e-05	1.05742367254443065e-05	5.57169707739429641e-10
2.46827470180911640e-01	2.49016002884552496e-05	1.04121015723736686e-05	5.68159204939342955e-10
2.46813653550404188e-01	2.47328264440738811e-05	1.05046457254308161e-05	5.59763029488297690e-10
2.46761901151548946e-01	2.43945543796712829e-05	1.03963395794494615e-05	5.38649856722394526e-10
2.47002131908144046e-01	2.45505575631352563e-05	1.03427325679434492e-05	5.70878054914463339e-10
2.46845671305234604e-01	2.42036235436076455e-05	1.06666383101860804e-05	5.64338029830515087e-10
2.47121711046808884e-01	2.42953770925668826e-05	1.02690606838480065e-05	5.49880201784734019e-10
2.46988402013281066e-01	2.44767883853424500e-05	1.03815909330568273e-05	5.63308817746003459e-10
2.47072408895355672e-01	2.44207841077695651e-05	1.03529853348399485e-05	5.43543012797502844e-10
2.46833692266742927e-01	2.41333799161163591e-05	1.05256904256202248e-05	5.49974891761731318e-10
2.47075595838050166e-01	2.46980426386025720e-05	1.02885874310415646e-05	5.47051870373407056e-10
2.46768391807820842e-01	2.43495514746756754e-05	1.04663931151378351e-05	5.49930800569817974e-10
2.46915027587754493e-01	2.44589621507436349e-05	1.03385744000492667e-05	5.30727221097017795e-10
2.47172011010115822e-01	2.45343031752361901e-05	1.04674031604687357e-05	5.67104675946940625e-10
2.47066580469667091e-01	2.46105153705142190e-05	1.02355876298808302e-05	5.62460901023306084e-10
2.46790074182263314e-01	2.43725147060218253e-05	1.04747787022727041e-05	5.82922179385764609e-10
2.46978036608768770e-01	2.44107335566365852e-05	1.03161753504205469e-05	5.79974314453341877e-10
2.46890379159584422e-01	2.41285973952987160e-05	1.03618238168704539e-05	5.73805329833900568e-10
2.46783356993795749e-01	2.42940095267170768e-05	1.04115253524664185e-05	5.40843026899530836e-10
2.46982671431140693e-01	2.39222302827691608e-05	1.03285157929164990e-05	5.62470685407709955e-10
2.46873928249352892e-01	2.45168802291455914e-05	1.03771478229226181e-05	5.49297639184335487e-10
2.47090875815192373e-01	2.43699135634819469e-05	1.02536333156344203e-05	5.11833010656321853e-10
2.47080771523193410e-01	2.45267734647151328e-05	1.02819446310596332e-05	5.48870134661542684e-10
2.46958078853581037e-01	2.41549140966872453e-05	1.05447472741146114e-05	5.70483564156173864e-10
2.47044182368759663e-01	2.49542938974454685e-05	1.03773999289183858e-05	5.70487426680396598e-10
2.46920680852135588e-01	2.47975121896847383e-05	1.04739722741499977e-05	5.29386857763672175e-10
2.47010680115138048e-01	2.41821316237412946e-05	1.05499361981824914e-05	5.67869731873131018e-10
2.46969118998893261e-01	2.47814264040633937e-05	1.01923052795178582e-05	5.36719632043020710e-10
2.47111140628751613e-01	2.40147555686773373e-05	1.06226979465786064e-05	5.64990524841521078e-10
2.46907208299338293e-01	2.43448404684184293e-05	1.05721150880860506e-05	5.52908356431043159e-10
2.46915695223602599e-01	2.45365568541542797e-05	1.05276640359599137e-05	5.57258706290993415e-10
2.46977921276029300e-01	2.41166502484413082e-05	1.01620478468170611e-05	5.44640813553102088e-10
2.47040523608749146e-01	2.40833027917352068e-05	1.05267494202972938e-05	5.67500269366548001e-10
2.46852137048720333e-01	2.46748331888823671e-05	1.02918596389804085e-05	5.33264961039097716e-10
2.46774627949039982e-01	2.47583235848485921e-05	1.03746699041067990e-05	5.40526368610234884e-10
2.46977880350515266e-01	2.46038207234592948e-05	1.04022715052017131e-05	5.40850903568342728e-10
2.46960272202572828e-01	2.43108703889895803e-05	1.04978655237768811e-05	5.49334116464672098e-10
2.47091049652873262e-01	2.45565541830645100e-05	1.01933992621312069e-05	5.40162812667049322e-10
2.47049558703329480e-01	2.44606887639606940e-05	1.03265588538157148e-05	5.35745361443708872e-10
2.47083707490585003e-01	2.42552763556689743e-05	1.03541615968463773e-05	5.44887258235253655e-10
2.47161650685368939e-01	2.42740343522889391e-05	1.05587949283989049e-05	5.62260209393392045e-10
2.46903128883225631e-01	2.47957454707269665e-05	1.04772155266195716e-05	5.74977393280825545e-10
2.47025632832368086e-01	2.40492363509641225e-05	1.04905123464225622e-05	5.68938669352180860e-10
2.46951300195964146e-01	2.42159420677928761e-05	1.03686874112059380e-05	5.45207311567080987e-10
2.46922175809984601e-01	2.41538650439426600e-05	1.04266237106218561e-05	5.40724760098112800e-10
2.46762465293559413e-01	2.46358107091361693e-05	1.04132140658323244e-05	5.45463744233085110e-10
2.46973247064425167e-01	2.43548071662231636e-05	1.04675908014373523e-05	5.46816439567354598e-10
2.46808367587960847e-01	2.48297431723357596e-05	1.03623733895343270e-05	5.43795825599083839e-10
2.46728706155391608e-01	2.45621920153608221e-05	1.04832318490008619e-05	5.32064874608521600e-10
2.47133868027569370e-01	2.45406829898251494e-05	1.03483766264572602e-05	5.78023561480564967e-10
2.46959318436760888e-01	2.43111046991787784e-05	1.06262091267568098e-05	5.75588141955527823e-10
2.46808294761174052e-01	2.43936614232481403e-05	1.04551771504868209e-05	5.58385012130492356e-10
2.46961960492806387e-01	2.41471254419344153e-05	1.05670987606561022e-05	5.80000721791750202e-10
2.46899174974630264e-01	2.43324107992344969e-05	1.06075592514491887e-05	5.41665413769531821e-10
2.47114446850274644e-01	2.43492470730268058e-05	1.02824427655764737e-05	5.67995162108013182e-10
2.47053528974359837e-01	2.44746327007379350e-05	1.03181444641875846e-05	5.41440972429262289e-10
2.46729640185290366e-01	2.43972661723093117e-05	1.03845635880542678e-05	5.48187758107962277e-10
2.46903253699904596e-01	2.48323532805898394e-05	1.04231035589176482e-05	5.72069445049984952e-10
2.46932356113736290e-01	2.47841148953100479e-05	1.04564739365370605e-05	5.36515814705850846e-10
2.46983005142130757e-01	2.41352424927254356e-05	1.03903641568034705e-05	5.50563740932285410e-10
2.46928333360177832e-01	2.44051055698367039e-05	1.03104313694194695e-05	5.17520272254248581e-10
2.46935901075471531e-01	2.42478249919309712e-05	1.05042645488904316e-05	5.53835473210032985e-10
2.46911249869008531e-01	2.39871103595066039e-05	1.05803087256168352e-05	5.71751403526930987e-10
2.46833197777757918e-01	2.45544183220941097e-05	1.01524035139523987e-05	5.31716896244505146e-10
2.47183225788336569e-01	2.43365984932710882e-05	1.03423403061736658e-05	5.43018049915613051e-10
2.47054214800015326e-01	2.49599972741573380e-05	1.02679156292061359e-05	5.38521026043619382e-10
2.46836343477238790e-01	2.46697903540726789e-05	1.06043492245461068e-05	5.66724435538274746e-10
2.46831017654774054e-01	2.45213950145978014e-05	1.02916625316966802e-05	5.61186131558758202e-10
2.46798995473903632e-01	2.46429306844901330e-05	1.04077253360120583e-05	5.54108621665241873e-10
2.47002055720159680e-01	2.42351044381116699e-05	1.02091862651788282e-05	5.40576590882794154e-10
2.46742018051093470e-01	2.44715586414375254e-05	1.04514720664517370e-05	5.74397696892461619e-10
2.47077367132754439e-01	2.48425934520395110e-05	1.03046903670653961e-05	5.49031532992689522e-10
2.47076814255885485e-01	2.40722845187590125e-05	1.06325338886493689e-05	5.82707352347402331e-10
2.46884462814005556e-01	2.47739235686319196e-05	1.01912796781576484e-05	5.54539263165943158e-10
2.46965139881466927e-01	2.43746922320609664e-05	1.03442163270158586e-05	5.53543905284947443e-10
2.46905133512779401e-01	2.42403936240487626e-05	1.07431673397073666e-05	5.71501093107382799e-10
2.46794824240189364e-01	2.45572837192450401e-05	1.02754181767620008e-05	5.38726934624490044e-10
2.46726530239617992e-01	2.48425821032297102e-05	1.01555556131295423e-05	5.29735274950603686e-10
2.46775545096595550e-01	2.45250255493300363e-05	1.04204608992696709e-05	5.43064613784538292e-10
2.47198084619755842e-01	2.41565546072051017e-05	1.02630830692173981e-05	5.62703315441896543e-10
2.46923398194431376e-01	2.43881478826049833e-05	1.04437466893518557e-05	5.59715479974956314e-10
2.46855052067466829e-01	2.42819715116430923e-05	1.04441006245345178e-05	5.51847341062673507e-10
2.46743955491612210e-01	2.44396330360862794e-05	1.06355762827807395e-05	5.76130093230056170e-10
2.47002358878560452e-01	2.43426487724713484e-05	1.04133489311244593e-05	5.50513636220722703e-10
2.46843534994933167e-01	2.46636345696273516e-05	1.04288946814901507e-05	5.37987362010423856e-10
2.47014332065769837e-01	2.43573648885106631e-05	1.06209452359336701e-05	5.80093741348587421e-10
2.47011179295742095e-01	2.42370244538971678e-05	1.05368587438726953e-05	5.72350391352265119e-10
2.46886196996406765e-01	2.43613422053411676e-05	1.02902467120183139e-05	5.37957129991813297e-10
2.46969177483608082e-01	2.48898961302333886e-05	1.01504152049104782e-05	5.42702458167149221e-10
2.46914389052189875e-01	2.50648190811254678e-05	1.02403634832281831e-05	5.15616173574624852e-10
2.47110705576827711e-01	2.42599008243447306e-05	1.03878251092485773e-05	5.52782418352099215e-10
2.46831825887431272e-01	2.41835592445735920e-05	1.05636582839941318e-05	5.88643162872413070e-10
2.47079081079301488e-01	2.44029969578463094e-05	1.04303574870954781e-05	5.39747743326371368e-10
2.46978325762256173e-01	2.48299656118604620e-05	1.03295677698243710e-05	5.36376585876959773e-10
2.46926556116028456e-01	2.45269498799632551e-05	1.06030893173643820e-05	5.50303702287428907e-10
2.46783932508699955e-01	2.44492541963454668e-05	1.02574780791966584e-05	5.42857977139907560e-10
2.47000943532903833e-01	2.43664616863683150e-05	1.03581658642886070e-05	5.41070047388240794e-10
2.46992565805721209e-01	2.42942018502471710e-05	1.04484511246096979e-05	5.43509096666511701e-10
2.47014898845401509e-01	2.47112746045434884e-05	1.05562687185921932e-05	5.60824065626077957e-10
2.46816143070616528e-01	2.44946025554752618e-05	1.03748203183049856e-05	5.52380216839308093e-10
2.46980733518974871e-01	2.42043164302568959e-05	1.05073364057678049e-05	5.72273306303019950e-10
2.46753874403424417e-01	2.49187071670814518e-05	1.01884820321229062e-05	5.45640510909742323e-10
2.47131381985385340e-01	2.42404687146314335e-05	1.03306391649896979e-05	5.36949129478359168e-10
2.47109665692583608e-01	2.40819742708371684e-05	1.04918007575365049e-05	5.86533631283765161e-10
2.47021193266078104e-01	2.45290788854948348e-05	1.04426799252813648e-05	5.51760796736065773e-10
2.46878495323465508e-01	2.47296995026024342e-05	1.01989624061565024e-05	5.40078524772946269e-10
2.47000183156588865e-01	2.45323169386810983e-05	1.06037856546196578e-05	5.51077735171782733e-10
2.47013042435307056e-01	2.43211075159242538e-05	1.05730037964417768e-05	5.29720517345812382e-10
2.46895443948158710e-01	2.44344483851084819e-05	1.02183745814752256e-05	5.46462119491765887e-10
2.46821618443983481e-01	2.50134121569260126e-05	1.01853677514024638e-05	5.18533928051085651e-10
2.47009868133101884e-01	2.44484870334221236e-05	1.03306813465934583e-05	5.54210813881380190e-10
2.47047744270840114e-01	2.41950907204931003e-05	1.02473210056858392e-05	5.49764684485371708e-10
2.47076921882385392e-01	2.43828273144960491e-05	1.05188328698115428e-05	5.85289834870355405e-10
2.46843634480582358e-01	2.43670638053089764e-05	1.02508146672161214e-05	5.29950373094435532e-10
2.47039476489128829e-01	2.46130599168531220e-05	1.03643347934282721e-05	5.45418075062718252e-10
2.46876065918896770e-01	2.39643898914997549e-05	1.04251013704848476e-05	6.04936362095195448e-10
2.47132419686158622e-01	2.47425296924589262e-05	1.03561219021573345e-05	5.75441016370959121e-10
2.47116581624371001e-01	2.46669638263869240e-05	1.03704749179544507e-05	5.46878554009677401e-10
2.46955663851887497e-01	2.41539820142991124e-05	1.02969736268900221e-05	5.35635040444653682e-10
2.46778187984995567e-01	2.47719396115635773e-05	1.04843901379366101e-05	5.52353402473677737e-10
2.47056271689596707e-01	2.48725651166702103e-05	1.02072063319489671e-05	5.20615543179050507e-10
2.46862575261404843e-01	2.44791046795337321e-05	1.03093518099211449e-05	5.33955514415423564e-10
2.47116469725260968e-01	2.43093778267666829e-05	1.07577587458843933e-05	5.80652237733939132e-10
2.47048336563343907e-01	2.45159421252710383e-05	1.05195100724143447e-05	5.50037390843077215e-10
2.46828036599049283e-01	2.42396844301659065e-05	1.02180446495403764e-05	5.55804020732879131e-10
2.46974351949877907e-01	2.46113290878376405e-05	1.05369377645308983e-05	5.57900670557712976e-10
2.46971586901800710e-01	2.43077456756434274e-05	1.04796514350068922e-05	5.72767141157927495e-10
2.46851985095725618e-01	2.48349798339449477e-05	1.03634120544429182e-05	5.45513639638754193e-10
2.46897492619358921e-01	2.47453179283052079e-05	1.03520050937821569e-05	5.60008224443478535e-10
2.47082032609490437e-01	2.43378176617889855e-05	1.02608939051443095e-05	5.27422362459432222e-10
2.47031973353099926e-01	2.48184645180617503e-05	1.02722447252417237e-05	5.29416588237847242e-10
2.47238157209314580e-01	2.46767885432086236e-05	1.02459504602290852e-05	5.56398277687529073e-10
2.47042633098513126e-01	2.48219625275958841e-05	1.03600086159210911e-05	5.27590313876823654e-10
2.47051316876632371e-01	2.42974857979937186e-05	1.03901203028949335e-05	5.51740533259311419e-10
2.46985061062998723e-01	2.42528131924003405e-05	1.03341939397378600e-05	5.50212961450284247e-10
2.46768842506165598e-01	2.47938993142625291e-05	1.03388972367048923e-05	5.68912705080151327e-10
2.46733482469344512e-01	2.41729851201611064e-05	1.05406077533733780e-05	5.56991563083355001e-10
2.46819015349947796e-01	2.44304173969994285e-05	1.03565484882048503e-05	5.51447339326428413e-10
2.46858898090413642e-01	2.47188179079834063e-05	1.03434951041193259e-05	5.52318756424593144e-10
2.47143033337101664e-01	2.41782200456219159e-05	1.01355362730692987e-05	5.46654107542959021e-10
2.46885026787930617e-01	2.39333747115540312e-05	1.04851622481236620e-05	5.58175285741425057e-10
2.46966022676617408e-01	2.39540017233942728e-05	1.07818091744293240e-05	5.76875312376180608e-10
2.47059793337273209e-01	2.46014343042044911e-05	1.03609401958786345e-05	5.79732249599176933e-10
2.46778268182895000e-01	2.42487675258482591e-05	1.03720484507291278e-05	5.73448541037771832e-10
2.46874567122292415e-01	2.48123214257827107e-05	1.01427446192917093e-05	5.23301301258465287e-10
2.46993376815659832e-01	2.43668148210225545e-05	1.05870454224756313e-05	5.76151901124918077e-10
2.46803463115276511e-01	2.43836245128801271e-05	1.03860924952439166e-05	5.46669303630833011e-10
2.46924469340259689e-01	2.47109754758509254e-05	1.04366679429672832e-05	5.13528120489835353e-10
2.46908844938534100e-01	2.48479297454581749e-05	1.02211086858528244e-05	5.17094712338905720e-10
2.46940488478423259e-01	2.40411576584018289e-05	1.07053952922012020e-05	5.32987437087068281e-10
2.46965733677287663e-01	2.43899397340492469e-05	1.05095722273826254e-05	5.74266294370048777e-10
2.47000993436763044e-01	2.42830778159967809e-05	1.04201538148903885e-05	5.84018435881592939e-10
2.46889781038747813e-01	2.43373753302394369e-05	1.04945186525342673e-05	5.57155374319448568e-10
2.47014727198735490e-01	2.45505821488014855e-05	1.04219921213864190e-05	5.24175535488298681e-10
2.46923421373886703e-01	2.45055369695139618e-05	1.03825939971438843e-05	5.53029481839393941e-10
2.46944987204384181e-01	2.44085067364003663e-05	1.05183513251318063e-05	5.40644365029261733e-10
2.47172603688809001e-01	2.44063684808667602e-05	1.05455435598201094e-05	5.20657708334482149e-10
2.47090204069595032e-01	2.41738282017483763e-05	1.06433836993965553e-05	5.69575372686937778e-10
2.46988116138304875e-01	2.40732944060372091e-05	1.06476014451083368e-05	5.86509574923706282e-10
2.46903119465671755e-01	2.44612387876442752e-05	1.03646172005816918e-05	5.74844914787372632e-10
2.46942213705315466e-01	2.45695504738488681e-05	1.06207809447542629e-05	5.57679155899696684e-10
2.47033886479714138e-01	2.47489021682313160e-05	1.01685815778462976e-05	5.58512517956913853e-10
2.46839602557213461e-01	2.47034190938245961e-05	1.01653789480786017e-05	5.27155441734360366e-10
2.46864353330147779e-01	2.43245782537004257e-05	1.05100113749058943e-05	6.14319515292586206e-10
2.46962082759784568e-01	2.48323632293781265e-05	1.05026613089901265e-05	5.43494699887143407e-10
2.46999016816333350e-01	2.39185081836073069e-05	1.04644735451556385e-05	5.56042633614379548e-10
2.46872915513242808e-01	2.39735564079682724e-05	1.04761025932557912e-05	5.75094427000278221e-10
2.46838138111183769e-01	2.46856760210443820e-05	1.04059011245968177e-05	5.43445798864618224e-10
2.46965386859574698e-01	2.43385937724486353e-05	1.03127378385546420e-05	5.51225242332732935e-10
2.47178682718019266e-01	2.50058073099294294e-05	1.05883337345811007e-05	5.69877294555703557e-10
2.47029577183850824e-01	2.44478163998909396e-05	1.04423711567920556e-05	5.44499795034712891e-10
2.47041804687690519e-01	2.50466320391257081e-05	1.02770405498030716e-05	5.36772179013370492e-10
2.46935455297246809e-01	2.44458914257791574e-05	1.03194594148139855e-05	5.56559374504726328e-10
2.46802996637629529e-01	2.49775949694963641e-05	1.03544440025816352e-05	5.43937608101134514e-10
2.46977507104072430e-01	2.45061326048283076e-05	1.02850732421467537e-05	5.46368279842369811e-10
2.46941375272150293e-01	2.47395650450657818e-05	1.03405869652280846e-05	5.17705505365517566e-10
2.46978326253791736e-01	2.46883202768101776e-05	1.03994571376022946e-05	5.42221169081009428e-10
2.46871690434456614e-01	2.45737011654130808e-05	1.04095183322413705e-05	5.93029615066393455e-10
2.46907265580865454e-01	2.45902055732521772e-05	1.02818264718079190e-05	5.26242384686757155e-10
2.46853245163661084e-01	2.43356681089712399e-05	1.04618254141572157e-05	5.52887864741808023e-10
2.47143675500542531e-01	2.41364461657913790e-05	1.06573742450418319e-05	5.62595573717896352e-10
2.47055467038995114e-01	2.44785811311273455e-05	1.02453870026181734e-05	5.63190949187384372e-10
2.47005020467753023e-01	2.45338915887612254e-05	1.07146663027495615e-05	5.65741844319717256e-10
2.47031517077015539e-01	2.43351161875193495e-05	1.04460366900674115e-05	5.62321889480114008e-10
2.46878879214456476e-01	2.42404667200630538e-05	1.04719708447795672e-05	5.63602108439462964e-10
2.46865469501243662e-01	2.47342609870124587e-05	1.04858108486039845e-05	5.52375252505678497e-10
2.46977880486743601e-01	2.46794967821872783e-05	1.04871299837408522e-05	5.43916490238386936e-10
2.46927698761920750e-01	2.45725550725425437e-05	1.04366473815229666e-05	5.40830774641283844e-10
2.46970577842480304e-01	2.46261243194535771e-05	1.02743875195186649e-05	5.28131982856055352e-10
2.47091552534641351e-01	2.44148337804107963e-05	1.05540997698680544e-05	5.62625496350213884e-10
2.47023150406808223e-01	2.45746548230719822e-05	1.03740136905660971e-05	5.58093665930932505e-10
2.46999526204893738e-01	2.48580559149366804e-05	1.03675274754805346e-05	5.22378576079182189e-10
2.46993694332165947e-01	2.43411729360676805e-05	1.04202694653770310e-05	5.45514380880593197e-10
2.46913148771813196e-01	2.44270416150866497e-05	1.03578584351524817e-05	5.61095457783331007e-10
2.46911283802417669e-01	2.43850524736221046e-05	1.06033387720192923e-05	5.60229596330237423e-10
2.46840369927860376e-01	2.43781809137904854e-05	1.04233397832539572e-05	5.57178208568829187e-10
2.46736485068321576e-01	2.45441855184861331e-05	1.03350143025812464e-05	5.43455487619779487e-10
2.46985642221854318e-01	2.44073016143928871e-05	1.01705328932315331e-05	5.24523328181447881e-10
2.46915618211961035e-01	2.45245537833451400e-05	1.02626366051746094e-05	5.46034560570951979e-10
2.46864645494446838e-01	2.46453300801427590e-05	1.03922090901653442e-05	5.35582664193506251e-10
2.46913020870446698e-01	2.44881525137895139e-05	1.03622871133143890e-05	5.37659014487869155e-10
2.47015999377314721e-01	2.50106701082112260e-05	1.01760219324884373e-05	5.48545741480433349e-10
2.47033545372222885e-01	2.47695252814081491e-05	1.03888721589391882e-05	5.41237674696222436e-10
2.46950313708532265e-01	2.45266448469895930e-05	1.03589310413674678e-05	5.74846729790822719e-10
2.47057676525674869e-01	2.40609110544297328e-05	1.04361938774275431e-05	5.76057462493835531e-10
2.46793545155607336e-01	2.42679884621727018e-05	1.04962194755765279e-05	5.59886655452857507e-10
2.46735481422274999e-01	2.44208042958391514e-05	1.03692581869728729e-05	5.75886485638222699e-10
2.47029812766010076e-01	2.43582923694074211e-05	1.04778633345846300e-05	5.78850128934898960e-10
2.46923049143587592e-01	2.42195737479792344e-05	1.05262684359698877e-05	5.48332647534817752e-10
2.46882454417636177e-01	2.44833048401790285e-05	1.03435129547066808e-05	5.41704124677870199e-10
2.46944690066421918e-01	2.45367272609874111e-05	1.04212566191052370e-05	5.69662871761871689e-10
2.46882014318909160e-01	2.44091996266840114e-05	1.02953318097010943e-05	5.50523360519605034e-10
2.47010714199459941e-01	2.41504829961050770e-05	1.06245222583562957e-05	5.51324855992858304e-10
2.47162049459087041e-01	2.44054394834936791e-05	1.04848189471907520e-05	5.72203130000511026e-10
2.46884114554444062e-01	2.44148481628145353e-05	1.04200341825299096e-05	5.50283956482062115e-10
2.47143629198578685e-01	2.43700860958430255e-05	1.05048989252631581e-05	5.94138094462443724e-10
2.46695258693227115e-01	2.44295361429911714e-05	1.05626268188819840e-05	5.87554387592432011e-10
2.46959553902700885e-01	2.43445719443390094e-05	1.05498819040097468e-05	5.65642657176702684e-10
2.46898692752440474e-01	2.45546878854838605e-05	1.03146588986202842e-05	5.68857186312555628e-10
2.47067996372872689e-01	2.45043214738109515e-05	1.04355228518672697e-05	5.71829407025011568e-10
2.46843893131559772e-01	2.42564086572451008e-05	1.03479141800189039e-05	5.47390359889313577e-10
2.46939138143736886e-01	2.40391923361490976e-05	1.07196447208589213e-05	5.59914386752054435e-10
2.46832887837860948e-01	2.45269975210089216e-05	1.04571952484847486e-05	5.32676478963280269e-10
2.46862303141936246e-01	2.41054451456445483e-05	1.04709373189492495e-05	5.61768187662500723e-10
2.47016488494144565e-01	2.42033905047610977e-05	1.05833914526090566e-05	5.61058038482138961e-10
2.47033894928664677e-01	2.42282028193078259e-05	1.02876087976252171e-05	5.59855984879017567e-10
2.46934563451886135e-01	2.42163186633089868e-05	1.04697245364289569e-05	5.35354970528705547e-10
2.46988533187944753e-01	2.43167357814739960e-05	1.04597275578257732e-05	5.59037217232075607e-10
2.47023986632646964e-01	2.45314826737000124e-05	1.03740323266618257e-05	5.72232493364709679e-10
2.46840022893165062e-01	2.42281421683429711e-05	1.06006675834964958e-05	5.70557268501263792e-10
2.46917621735060794e-01	2.48204586172208934e-05	1.02757924328289458e-05	5.35123678890111557e-10
2.46966805699727093e-01	2.45087411472143908e-05	1.04355939225023052e-05	5.53157128060968409e-10
2.46879495093346057e-01	2.43127655333339798e-05	1.06846583769946506e-05	5.49757460791093337e-10
2.47056092489670559e-01	2.44205681116035911e-05	1.03500071432146942e-05	5.65673199491333614e-10
2.47107744511422922e-01	2.42011430159714825e-05	1.02441951270127960e-05	5.42228075835648879e-10
2.47001752842145567e-01	2.44652387056393990e-05	1.03923160366128289e-05	5.47202814419032034e-10
2.47054179830542231e-01	2.48332485400033509e-05	1.04199441796106331e-05	5.47785269580585463e-10
2.46969827502914963e-01	2.44680929449844355e-05	1.04871939125342568e-05	5.79010905083311200e-10
2.47087106422486907e-01	2.43305794749833878e-05	1.02995981584798034e-05	5.61020588082723485e-10
2.46828931517337952e-01	2.47615308736453896e-05	1.02452144330446114e-05	5.56112728053333534e-10
2.46966908694480958e-01	2.46757539637646447e-05	1.04518712826811098e-05	5.30181415284308511e-10
2.46930272390248229e-01	2.43457925152023943e-05	1.04388677330634790e-05	5.49053802397002379e-10
2.47135514446376353e-01	2.40875738592932739e-05	1.05156162975966541e-05	5.63132710172390306e-10
2.46875373364116746e-01	2.46796434335607234e-05	1.04099630634208659e-05	5.37761397647335325e-10
2.46934492080315815e-01	2.45423440281480915e-05	1.05677160133171800e-05	5.66787076468764397e-10
2.47015887756100089e-01	2.45210274461701310e-05	1.02564894117607650e-05	5.44771191212281886e-10
2.47010272022180011e-01	2.42414521821233393e-05	1.03911705841627783e-05	5.77707393800479896e-10
2.46874412405738014e-01	2.45037377621602545e-05	1.00969304119263171e-05	5.11282422644653627e-10
2.47055831539081672e-01	2.37691271733751282e-05	1.08508003021154319e-05	6.19120647631170029e-10
2.46985327759960599e-01	2.46766311316054148e-05	1.02923909158334534e-05	5.31539082122984109e-10
2.47013093141306816e-01	2.46423752528216704e-05	1.04119953837145200e-05	5.60292943926968202e-10
2.47077101009171463e-01	2.43639325674744256e-05	1.04358190297700330e-05	5.36960789431808891e-10
2.46935413094961087e-01	2.41998834459062331e-05	1.03440985996974438e-05	5.60634853241816827e-10
2.47022298991303374e-01	2.45456804865879426e-05	1.05506832591128900e-05	5.73927254149680536e-10
2.47186234033263785e-01	2.45701333400784029e-05	1.04837076886991656e-05	5.69752678560408330e-10
2.46759539745717515e-01	2.45885977989542582e-05	1.04065316753388852e-05	5.52528293983288536e-10
2.46870631940211860e-01	2.40480352112560105e-05	1.05408617762621935e-05	5.61269333066276723e-10
2.46941012614149052e-01	2.47150730398232263e-05	1.01913327662362559e-05	5.51276139495482643e-10
2.47048204816625622e-01	2.45370654656156274e-05	1.04526504074682391e-05	5.52118429773877759e-10
2.47134670506044762e-01	2.41237653584871643e-05	1.05661580280335353e-05	5.67609982064704621e-10
2.47034119297290938e-01	2.47006733747077264e-05	1.03142202712471310e-05	5.55527074833512471e-10
2.47000403637652105e-01	2.48968497842061648e-05	1.02336922587489343e-05	5.42570552942833984e-10
2.46877121666568305e-01	2.44090260217867350e-05	1.02396431699977662e-05	5.18389623167784903e-10
2.47058198244077848e-01	2.45173234820597888e-05	1.03720921711642929e-05	5.54235106444199087e-10
2.46899520534005296e-01	2.43084980095257535e-05	1.05332402375835773e-05	5.73479299108992739e-10
2.46909970922035871e-01	2.41196405575836166e-05	1.03220712427579822e-05	5.50319746907931911e-10
2.47178258265208922e-01	2.46376361088643280e-05	1.04768982411027691e-05	5.55397082257246319e-10
2.47050041530736592e-01	2.48303263564227766e-05	1.03457638798703467e-05	5.49322881354745994e-10
2.46822448935129224e-01	2.43656792797202459e-05	1.03878610727882085e-05	5.21853983558796581e-10
2.47078808592262555e-01	2.43125603378284444e-05	1.05619597337991902e-05	5.67030048284998651e-10
2.47013839880814046e-01	2.50185063656192416e-05	1.01907191649332670e-05	5.20378472212439433e-10
2.46987782717807441e-01	2.42492392899850887e-05	1.06238899432249699e-05	5.65074120160000661e-10
2.47196943303365196e-01	2.43821506751523118e-05	1.02651360061888034e-05	5.49978944288714993e-10
2.47093263517095596e-01	2.46576961664519201e-05	1.03305849061913582e-05	5.48601064377403524e-10
2.46873798448716153e-01	2.48364311962793261e-05	1.03111995219494400e-05	5.44089896436191902e-10
2.46996271016223096e-01	2.45463636731415807e-05	1.05100660824302885e-05	5.43515200532240184e-10
2.47099201007549618e-01	2.41259700668648219e-05	1.04205211142891717e-05	5.57890011830339834e-10
2.46989831094042184e-01	2.44018527116576611e-05	1.03402043227506702e-05	5.60533814100722184e-10
2.46968941558253025e-01	2.39373461513072923e-05	1.06686306088937967e-05	5.88311286895874642e-10
2.47095477553889525e-01	2.43920664165142861e-05	1.03516432512427762e-05	5.33654557201144089e-10
2.46979756957399210e-01	2.45192286959909034e-05	1.05152302657773845e-05	5.61051649637392505e-10
2.46921627010598915e-01	2.44155141261086354e-05	1.06025904237825674e-05	5.99222496891573954e-10
2.46828086377328004e-01	2.46450726576712058e-05	1.05371505473810758e-05	5.56926883243995585e-10
2.46844006751927858e-01	2.43580748164553817e-05	1.01956051699138264e-05	5.52540331367236865e-10
2.46930955043957429e-01	2.44579384375925542e-05	1.03355708599810683e-05	5.37130695840067962e-10
2.47006690566976189e-01	2.46144638400918867e-05	1.01779291795075630e-05	5.58059302293767515e-10
2.47080922114318313e-01	2.47743835106392617e-05	1.05776830243809918e-05	5.39495487763692624e-10
2.46927658551880175e-01	2.47835933045666426e-05	1.03223708735466803e-05	4.99807414528067318e-10
2.47298330706491126e-01	2.44297162529984394e-05	1.01861954343900376e-05	5.44814141067732737e-10
2.46862175882926360e-01	2.49173071226834172e-05	1.02872823928681955e-05	5.38838468599518786e-10
2.47074298262368292e-01	2.41943872976614022e-05	1.04000747521450921e-05	5.49856041162123869e-10
2.46971230170006051e-01	2.49616054324443486e-05	1.03980788988698452e-05	5.42370461999967151e-10
2.47161611236422829e-01	2.40047787002480878e-05	1.05198530200744120e-05	5.66736168415433533e-10
2.47027814348038860e-01	2.44675858610269124e-05	1.04127204417272424e-05	5.33503070513243334e-10
2.46939951892954923e-01	2.47537357161641637e-05	1.01229946122447432e-05	5.23700350799070708e-10
2.47042256754528872e-01	2.42636334552022782e-05	1.03728338956493641e-05	5.44332118093489055e-10
2.47003373710892676e-01	2.41796163867281981e-05	1.04516085541217579e-05	5.64186076431130182e-10
2.46949101053778125e-01	2.47480643372640633e-05	1.03229199957013540e-05	5.39495749729147916e-10
2.46931361846384922e-01	2.48124595551169108e-05	1.02034468577669473e-05	5.39072715594640784e-10
2.47044594372198750e-01	2.46607576874454908e-05	1.02016972155571214e-05	5.21922719851613633e-10
2.47180860879995856e-01	2.48380134799240032e-05	1.02396704861203662e-05	5.56030865905879629e-10
2.46742334220325044e-01	2.44537638201480114e-05	1.04349875104017493e-05	5.66253361784289958e-10
2.46976006631891204e-01	2.45400372708699388e-05	1.00914998572427356e-05	5.09597820064645184e-10
2.46978428531341193e-01	2.42515027901829947e-05	1.03471569965340637e-05	5.70275021689125314e-10
2.46996020651454901e-01	2.42167890323665094e-05	1.03100538844258769e-05	5.79001841923838154e-10
2.47010841863456759e-01	2.49483404088158093e-05	1.03114202317934889e-05	5.36761894335751200e-10
2.46980272210529705e-01	2.42623349613441324e-05	1.03782668661259293e-05	5.79160942502255933e-10
2.46946118460740549e-01	2.47544366933424339e-05	1.00219845762591598e-05	5.35821495231332285e-10
2.47100058958960589e-01	2.42906296632195540e-05	1.03670046585027731e-05	5.56110306764026525e-10
2.46900296639822159e-01	2.44103920184979738e-05	1.03277398727450790e-05	5.50506825305612957e-10
2.46744060819359345e-01	2.46273510344020399e-05	1.02628861048181026e-05	5.27423136152685211e-10
2.46897150302727519e-01	2.44110424841621070e-05	1.03113744730951973e-05	5.44212947854057470e-10
2.47178217021288782e-01	2.47286042304684899e-05	1.03840250893857649e-05	5.47302159887859712e-10
2.46843810736193464e-01	2.46400941599972139e-05	1.03919604509806703e-05	5.57139771865754893e-10
2.46882928895597570e-01	2.43890945327598784e-05	1.05671342980877777e-05	5.49121957916783684e-10
2.47214700500483997e-01	2.40168418001330165e-05	1.06557739520201298e-05	5.59169388938014674e-10
2.47077471092180839e-01	2.41854959666624500e-05	1.06409895893493991e-05	5.84481395852338631e-10
2.46920573886700856e-01	2.43172663721438801e-05	1.04627310096986361e-05	5.64890133194025029e-10
2.46986960418588780e-01	2.45526287463090638e-05	1.03374512800919149e-05	5.60870402711851638e-10
2.47013100640601391e-01	2.45461303132069569e-05	1.04263960050133116e-05	5.61087234471088785e-10
2.46979712768872123e-01	2.42966895219466629e-05	1.03633590879816774e-05	5.55252939853689210e-10
2.46856071824134965e-01	2.42908348095943291e-05	1.05221089192520798e-05	5.57043924913504083e-10
2.46974816777629474e-01	2.44687808954355173e-05	1.05839199932553512e-05	5.76095902742464735e-10
2.46812186195256134e-01	2.44768015840736714e-05	1.04596466286527879e-05	5.49161278786492860e-10
2.47181210476739743e-01	2.43851208791821364e-05	1.05323153799808963e-05	5.45266929143031883e-10
2.46824179707091862e-01	2.40814078208029308e-05	1.03379830560335742e-05	5.40952209579924908e-10
2.47056548136594945e-01	2.43120862580721677e-05	1.04318480382508799e-05	5.75933379493199733e-10
2.47094915545883337e-01	2.44801029189641287e-05	1.03441780149465772e-05	5.67591393202694429e-10
2.47087526121166995e-01	2.48399477382833335e-05	1.03774206357351708e-05	5.48758579381382492e-10
2.46947497946559985e-01	2.46198848690230753e-05	1.03159780838909264e-05	5.67629087622585636e-10
2.47059757085104109e-01	2.42059004464953100e-05	1.02218713123650293e-05	5.50580498163814167e-10
2.47134746911239267e-01	2.43733261298398817e-05	1.05278009466469164e-05	5.64225288063813411e-10
2.46920615498906620e-01	2.45692429855899497e-05	1.03782453123746681e-05	5.60826610007546277e-10
2.46810900517827586e-01	2.42689790649241065e-05	1.05248803305407723e-05	5.77335669331160512e-10
2.46963656294938744e-01	2.45358051993126667e-05	1.03213359584229955e-05	5.65109394622764612e-10
2.46964788103237104e-01	2.43503946485205033e-05	1.03545093725726580e-05	5.74128631535428017e-10
2.46832814108087634e-01	2.43498520854178864e-05	1.03626367368679351e-05	5.58298408582613277e-10
2.47041279980422690e-01	2.46759078683590120e-05	1.02352640803059739e-05	5.53202558856853187e-10
2.46788469033808244e-01	2.49108710566017092e-05	1.03156200879673376e-05	5.48188262892820432e-10
2.46905011558713444e-01	2.45482327880143147e-05	1.05169346028117955e-05	5.55270342029481379e-10
2.47109085963660213e-01	2.45372987813891856e-05	1.03779753454446095e-05	5.22541930921002180e-10
2.47002747732388506e-01	2.44600991207791229e-05	1.05240226431717593e-05	5.63236957897756160e-10
2.46892755314079726e-01	2.47549388075535341e-05	1.05040103721813799e-05	5.27919736492351524e-10
2.46988910780533338e-01	2.46712603007047526e-05	1.03505981756944860e-05	5.78939708276756363e-10
2.46815526018954928e-01	2.46218621011646363e-05	1.04701845599205653e-05	5.63711084073951953e-10
2.46806734745280087e-01	2.44759293513602846e-05	1.04124451271280684e-05	5.59003931484554244e-10
2.46974287344518456e-01	2.47969467628012827e-05	1.03700534889666000e-05	5.47518213701298725e-10
2.46859232142890017e-01	2.46419866898070784e-05	1.02385775968321550e-05	5.67539284501064513e-10
2.47009393225293805e-01	2.41055850734252957e-05	1.04037915814702990e-05	5.56191690033640609e-10
2.46906565049510918e-01	2.42474970227286956e-05	1.02481985181890098e-05	5.76368157674256720e-10
2.46923700080309144e-01	2.46471299064411472e-05	1.01974055555088372e-05	5.63235365234601286e-10
2.46978030705602758e-01	2.48306993743241644e-05	1.03876027776847682e-05	5.54481480405417047e-10
2.46974659662873519e-01	2.44658741901011844e-05	1.04022422884995049e-05	5.46840267348581847e-10
2.46883920267758017e-01	2.45149041764516189e-05	1.03967057330796807e-05	5.31323576308137835e-10
2.47016981477700459e-01	2.43431968982443153e-05	1.04633249715682163e-05	5.71743520127907660e-10
2.46934258595303185e-01	2.36560583768658093e-05	1.08082592761828266e-05	5.52879503692253844e-10
2.46977975752392082e-01	2.43876431362382338e-05	1.04347503958693067e-05	5.63599784953735449e-10
2.46994945399636234e-01	2.50429722879571419e-05	1.01145988340245279e-05	5.16808017586256953e-10
2.47133752090290260e-01	2.46093977136331833e-05	1.04583745794349310e-05	5.44656116567647386e-10
2.46979991371686913e-01	2.48650756050065896e-05	1.01823724036238195e-05	5.28422892514559860e-10
2.46973848868118517e-01	2.48886979973795195e-05	1.05186242036235020e-05	5.59915701304916646e-10
2.47114656063997351e-01	2.41742188719133125e-05	1.03922411470968316e-05	5.73248607257761203e-10
2.47038391616503789e-01	2.44036069859917187e-05	1.03549261136347037e-05	5.61154557825742129e-10
2.46886447810027027e-01	2.46449134413068429e-05	1.03361388495551503e-05	5.29900665301675112e-10
2.46987014447469788e-01	2.43092701560092378e-05	1.05769505796208583e-05	5.45769920089785413e-10
2.46987340887945717e-01	2.45397689570797838e-05	1.04062976357770746e-05	5.35763337011190488e-10
2.46861554945833228e-01	2.44442092824490046e-05	1.04529886791427333e-05	5.51636063837902556e-10
2.46858277411398319e-01	2.44401622825564485e-05	1.03109906875284366e-05	5.37507034913746221e-10
2.46866848619347878e-01	2.47165469811101300e-05	1.04592403757866033e-05	5.40855074594305974e-10
2.46854394243291225e-01	2.42761835808561537e-05	1.04716853806447724e-05	5.70325515246749229e-10
2.46826193742144595e-01	2.46239570579551419e-05	1.04231572379349459e-05	5.40878408572775899e-10
2.46844611936866243e-01	2.47577288177375996e-05	1.00885321471578013e-05	5.44499552637992807e-10
2.47123533053295513e-01	2.46451295175449454e-05	1.03538646979071107e-05	5.29109933177987221e-10
2.46797943823167720e-01	2.47664659451770845e-05	1.05637127671027506e-05	5.74090922567988615e-10
2.46865159370558751e-01	2.43053087437713989e-05	1.04415332890909746e-05	5.59119491848282895e-10
2.46966573734380718e-01	2.44871623743059915e-05	1.03842265727991619e-05	5.57890994296701172e-10
2.46998315707728122e-01	2.39532285110129912e-05	1.04968504444713396e-05	5.70708978101040116e-10
2.46777633143439701e-01	2.41148622777020840e-05	1.08136093917585900e-05	6.11522720443430322e-10
2.47039420283746758e-01	2.43109609762068121e-05	1.02520177791496492e-05	5.41897950997493407e-10
2.46988873016466604e-01	2.47095009511386204e-05	1.03553945960477501e-05	5.79674784566017562e-10
2.46836236474005294e-01	2.46601415555366416e-05	1.03799154980315778e-05	5.58578496424351211e-10
2.47129068132028368e-01	2.47265265101668419e-05	1.03810955571384614e-05	5.27300072140856160e-10
2.47138698773692655e-01	2.42784444810275153e-05	1.04513477037562278e-05	5.51872159183662675e-10
2.46900941631612608e-01	2.43367443860054813e-05	1.03541650961138882e-05	5.26994597301738471e-10
2.47047992437279623e-01	2.44253304749424224e-05	1.05163105412798000e-05	5.48432379565616845e-10
2.46902897474438388e-01	2.43885833681204840e-05	1.06250657201692231e-05	5.57794896905027436e-10
2.47015945513056168e-01	2.49017966159500282e-05	1.03798580516900658e-05	5.48681140862686227e-10
2.46913315127277655e-01	2.44556097714898579e-05	1.04317994631186499e-05	5.55723082074551905e-10
2.46916853595262997e-01	2.43892128894299106e-05	1.01472680065281653e-05	5.46980814908518600e-10
2.47084212156591349e-01	2.45968218627495374e-05	1.04100379270833289e-05	5.18947431724434672e-10
2.46938831033212791e-01	2.47811424456057314e-05	1.00955579656914222e-05	5.23798646392692723e-10
2.47046125267020356e-01	2.42326993581763350e-05	1.03243934314306597e-05	5.50964012420701984e-10
2.47170894356097376e-01	2.41974345453403023e-05	1.06933532451546027e-05	5.83673143190071704e-10
2.47042671441259937e-01	2.45801416125622750e-05	1.04485395198221512e-05	5.33633890370088471e-10
2.46835457812180026e-01	2.45426529512225534e-05	1.02816963974134924e-05	5.46889687079404574e-10
2.46863639774328125e-01	2.41903477301773488e-05	1.05934691730104297e-05	5.61272011136012554e-10
2.46912379890692535e-01	2.43081769676044245e-05	1.03687184181041639e-05	5.50265152897033634e-10
2.47082247611562028e-01	2.42858869087072719e-05	1.08520007361106680e-05	6.04087305668108734e-10
2.46945006862590133e-01	2.40607754456294851e-05	1.04643839694723521e-05	5.53708682148965866e-10
2.47039742854224281e-01	2.45655068560536722e-05	1.02772349057690275e-05	5.24764497647758013e-10
2.46941409639590131e-01	2.48241840995394070e-05	1.03542497577672220e-05	5.78989403848328034e-10
2.46916350060532502e-01	2.43900113192011597e-05	1.03997292935763331e-05	5.40059676758173627e-10
2.47014384829239542e-01	2.39378572472185383e-05	1.05694603346504879e-05	5.74276090646256630e-10
2.46888234796702910e-01	2.48018793156818066e-05	1.04332808842189295e-05	5.54101351878822160e-10
2.46964457776587987e-01	2.47583224736965485e-05	1.03651886718058802e-05	5.31271706140110702e-10
2.46802440891219665e-01	2.44277017464499050e-05	1.03541532343670248e-05	5.37429738795983253e-10
2.46892023871439964e-01	2.48661400159174585e-05	1.00902348810886490e-05	5.91273929462886604e-10
2.47031185439869821e-01	2.38582020546789043e-05	1.06884195325926445e-05	5.61878345258858518e-10
2.46777641819558635e-01	2.43808303630478088e-05	1.01696539000045514e-05	5.47501080855910947e-10
2.46876589483751963e-01	2.48727361598196216e-05	1.03631854785617567e-05	5.29876591668706856e-10
2.46903966461584357e-01	2.44666755454272684e-05	1.03267734249427063e-05	5.64886892716427632e-10
2.46917483454974329e-01	2.45675504856280664e-05	1.04026782173925028e-05	5.67680906398373173e-10
2.47035889239074435e-01	2.42960248566147582e-05	1.03401702995198077e-05	5.55103539956708600e-10
2.46912529062111030e-01	2.43984709797588883e-05	1.04650151246026411e-05	5.76210191305827782e-10
2.46885253545472916e-01	2.44071450748209531e-05	1.03373157588500694e-05	5.58628852831597858e-10
2.46905056539215767e-01	2.44420603367792748e-05	1.04606376808236978e-05	5.51550502112675509e-10
2.46983501733151201e-01	2.41285832298500591e-05	1.05260900394484640e-05	5.93041830081249749e-10
2.47005718757987158e-01	2.41740875115458980e-05	1.05118745284016029e-05	5.66454792872308349e-10
2.46873907193916997e-01	2.46088379457118470e-05	1.00761398346656462e-05	5.25609729368657028e-10
2.46886207813012487e-01	2.40731566598343103e-05	1.05379808714288548e-05	5.74120676926009599e-10
2.46883097940125557e-01	2.41863035334124432e-05	1.04863735503136784e-05	5.66204154688530796e-10
2.47134834545183923e-01	2.45870593520801051e-05	1.05828958494966658e-05	5.48566831110433043e-10
2.46952703729897055e-01	2.42930619361623546e-05	1.02789987362661681e-05	5.45217297298406895e-10
2.46853289875982762e-01	2.44470634086210305e-05	1.02822071895795587e-05	5.28033999119430895e-10
2.46906145500687790e-01	2.47597314675385353e-05	1.03678243794871995e-05	5.35303769238572434e-10
2.46817923163574815e-01	2.42568962916601495e-05	1.05722363437501989e-05	5.81936803619463778e-10
2.47016135834225325e-01	2.44297911826261139e-05	1.05710081711116053e-05	5.28417543422572925e-10
2.46917328565092131e-01	2.39498377671121532e-05	1.04870205034381736e-05	5.84477482145764489e-10
2.46878687052339868e-01	2.44942424476831621e-05	1.05672001588696125e-05	5.76078809760902320e-10
2.46969163197302111e-01	2.43929352176470239e-05	1.03921738921679039e-05	5.39715806980150342e-10
2.47028654614475790e-01	2.44351282130070539e-05	1.03210701521226329e-05	5.31550586033468818e-10
2.47022511000772244e-01	2.42878122850213056e-05	1.04063662407266852e-05	5.55195205073076390e-10
2.46901622121606573e-01	2.44515990186199106e-05	1.04983515737804152e-05	5.62738991190988409e-10
2.46922267168263099e-01	2.42585392342334445e-05	1.04373925536299102e-05	5.65151888571638684e-10
2.46955293234062817e-01	2.40496644343858437e-05	1.05070128317747048e-05	5.70888187616501277e-10
2.46984762644187533e-01	2.45587335246238144e-05	1.06398686821992891e-05	5.81461969842375010e-10
2.46933889584174893e-01	2.42323547707048766e-05	1.04030638571683834e-05	5.59840144356716451e-10
2.46766355614982585e-01	2.43701815132178190e-05	1.07113778250595278e-05	5.56876140788343567e-10
2.47108379544007245e-01	2.42108858112145848e-05	1.04928686890198623e-05	5.47957149852968811e-10
2.46967608611897677e-01	2.42789041272614825e-05	1.05327317948322225e-05	5.42300777813489746e-10
2.46840284144590610e-01	2.49090282084812779e-05	1.03667011085116439e-05	5.19917448650359512e-10
2.47201708232094530e-01	2.43662556777584926e-05	1.04240765715111951e-05	5.54971855647029246e-10
2.47011348649328943e-01	2.45632841249068957e-05	1.03674799221626346e-05	5.36004821466314716e-10
2.46960301037152913e-01	2.48675252394889778e-05	1.04021969882431880e-05	5.66101609141065967e-10
2.46945746605271993e-01	2.41330711069456363e-05	1.03624084552764393e-05	5.89633573025821656e-10
2.46868753156779863e-01	2.44993498415928528e-05	1.04188032568571940e-05	5.76663294629128452e-10
2.46991148997382476e-01	2.42544393376035407e-05	1.06531189893243017e-05	5.57153649290384613e-10
2.47041914711570526e-01	2.41589573041965781e-05	1.06225631380685127e-05	5.81770105232226511e-10
2.46934644066012315e-01	2.48246007437139312e-05	1.03121804037334478e-05	5.47058808454604977e-10
2.46823932151450459e-01	2.48018027371865153e-05	1.02435234295883046e-05	5.64814702722427571e-10
2.46824711182371509e-01	2.43923329285491495e-05	1.04959549056914831e-05	5.59164631604433542e-10
2.47001907256705816e-01	2.49294643758488922e-05	1.01335202996070800e-05	5.37363738011326189e-10
2.46793541834217617e-01	2.42377759859660037e-05	1.06414393292646844e-05	5.68867267244672505e-10
2.46928819028814889e-01	2.42102524670394181e-05	1.05622883608333447e-05	5.36056947078949772e-10
2.47031093767030918e-01	2.46701253422980973e-05	1.04299800520449420e-05	5.49154461274410934e-10
2.46968214859678820e-01	2.40366824696521531e-05	1.05190587549361788e-05	5.67194056663945305e-10
2.46970879195404419e-01	2.45431589862082439e-05	1.02040683980830170e-05	5.44620808981529132e-10
2.47070637554150097e-01	2.42997798429502754e-05	1.03926480173424514e-05	5.51960285791749833e-10
2.46845187381714765e-01	2.46013589203385257e-05	1.05115820725683503e-05	5.61902149902215316e-10
2.46820864926493605e-01	2.45898715862883697e-05	1.01827202577003176e-05	5.08562265950352157e-10
2.46961766739467875e-01	2.44986970355011006e-05	1.04095571716965635e-05	5.56261292561729717e-10
2.47180137114714482e-01	2.46856692619392079e-05	1.03036806350931214e-05	5.31671286121328852e-10
2.47108141725963210e-01	2.41509545842346062e-05	1.04845540151810399e-05	5.72952713550072398e-10
2.46864226267581754e-01	2.42393714680387863e-05	1.04726042248033891e-05	5.69506319742617351e-10
2.47224780722615001e-01	2.41787777299536579e-05	1.03878870159749960e-05	5.51431498751644962e-10
2.46950549746746684e-01	2.44585384352165976e-05	1.05228345506450381e-05	5.53646266973122155e-10
2.47163871727500373e-01	2.40571311289286148e-05	1.07290326842975090e-05	5.63305634158770537e-10
2.46915227738683213e-01	2.42805381626776781e-05	1.04991657246537544e-05	5.65326480605915574e-10
2.47005982162005838e-01	2.44008690954519368e-05	1.04829403001282985e-05	5.64974669653338928e-10
2.46970555733394992e-01	2.43760662902491367e-05	1.05917179318587081e-05	5.71846842578880452e-10
2.46951687371188083e-01	2.46953453118881533e-05	1.03204129588652028e-05	5.55695961164809526e-10
2.46905284035212669e-01	2.44927359083734733e-05	1.04362595288952902e-05	5.90052591552958398e-10
2.46863323126930934e-01	2.52349636970306632e-05	1.03001783157371892e-05	5.29910716600611715e-10
2.46817256886815661e-01	2.44870914429398947e-05	1.04894616570859851e-05	5.78236303410800901e-10
2.46869179165805086e-01	2.47506730698835516e-05	1.04214529965109407e-05	5.57392264428114346e-10
2.46896066103172412e-01	2.42747048110626606e-05	1.02755556370738683e-05	5.56174961906091954e-10
2.47044670713784081e-01	2.49943096222480927e-05	1.01857162738063091e-05	5.36672030671448471e-10
2.46758532326735724e-01	2.43274777086195686e-05	1.05541215396653569e-05	5.55809946017151770e-10
2.46823403087877369e-01	2.43879224187438471e-05	1.04305359873774181e-05	5.53324859448570536e-10
2.46955217427402063e-01	2.46178791995216121e-05	1.02406190046840059e-05	5.35689538013828255e-10
2.47049299412013534e-01	2.46734098187216041e-05	1.03268740137622660e-05	5.51782501271293058e-10
2.46923173581954314e-01	2.38431522366546639e-05	1.05802483262780048e-05	5.79201561659461359e-10
2.47125340222795808e-01	2.41446855426108121e-05	1.04907056607157174e-05	5.48027451569938895e-10
2.47141690520986945e-01	2.39036965101684069e-05	1.06575849581583546e-05	5.79410097420683448e-10
2.47030162278278925e-01	2.45159131323630629e-05	1.03488755640025360e-05	5.39803216811739045e-10
2.46877780324428003e-01	2.43307230741999712e-05	1.04592292028686115e-05	5.44082459705920175e-10
2.47001486019351013e-01	2.47071995947953313e-05	1.05464531382009939e-05	5.44991531674159574e-10
2.47060148102674820e-01	2.43640004566167856e-05	1.05956731665766646e-05	5.86510808027523375e-10
2.46787736105266942e-01	2.43353028131408104e-05	1.07843001187128596e-05	5.69440789591943484e-10
2.47043844702992371e-01	2.42519406385659723e-05	1.03285825079123873e-05	5.60791397185696136e-10
2.46903645507300984e-01	2.43316627413638309e-05	1.04702973352415616e-05	5.61857881367164042e-10
2.46926239596896219e-01	2.44987429005029198e-05	1.04843310888463823e-05	5.49920021012179231e-10
2.46965390526612510e-01	2.43353312789716246e-05	1.04218384254512101e-05	5.61115117210654534e-10
2.46884738225390754e-01	2.41618922396479126e-05	1.05978688531430683e-05	5.55030153959617269e-10
2.47176720925065097e-01	2.45053400510310619e-05	1.01723467887280018e-05	5.33695315508900789e-10
2.46989640001502420e-01	2.42679148129404574e-05	1.05773142940639992e-05	5.46307795158012330e-10
2.46671692297086659e-01	2.42234765729988022e-05	1.06183045968637676e-05	5.44700826065804999e-10
2.46862713070609890e-01	2.43957785109080181e-05	1.05061311586322650e-05	5.83086592965490171e-10
2.46983474863064822e-01	2.44875004756279384e-05	1.02355468698347198e-05	5.72564991586152774e-10
2.47022105864555058e-01	2.47219277504625364e-05	1.03729942922560797e-05	5.30293578105515749e-10
2.46886169901679331e-01	2.43541382456208337e-05	1.05998778714152704e-05	5.82848651237659988e-10
2.46773493504291452e-01	2.48300693406646606e-05	1.04697674896512297e-05	5.38829534459867176e-10
2.47163431390925642e-01	2.38662745937646829e-05	1.06135110440771070e-05	6.07644943368992345e-10
2.46951041002292260e-01	2.47963964794354994e-05	1.04060825641544591e-05	5.44899667922482464e-10
2.46787759453610422e-01	2.43418254436569550e-05	1.04214640326678686e-05	5.37759611616960700e-10
2.46606296704982686e-01	2.48514725194947468e-05	1.03371580902850809e-05	5.25891969595818375e-10
2.46890203470317260e-01	2.43833255459733575e-05	1.04330110145728444e-05	5.52883997777785685e-10
2.46916853487898713e-01	2.47201908317806048e-05	1.03809832499029116e-05	5.50238778459410332e-10
2.47147467914333535e-01	2.43687813077116682e-05	1.05858611753659166e-05	5.76563251965847794e-10
2.47040096346799881e-01	2.42580340619483240e-05	1.06362034022410065e-05	5.63784712340708117e-10
2.46816723753785411e-01	2.42535153637303083e-05	1.04545538655253108e-05	5.60825121535379867e-10
2.46991159324301823e-01	2.46075364778439501e-05	1.03923912119105428e-05	5.58847915947368100e-10
2.47163021041988867e-01	2.44535675462345889e-05	1.01650562008220910e-05	5.54207409934213223e-10
2.46947373386243785e-01	2.45735542744414384e-05	1.05412586942925852e-05	5.34490125129882990e-10
2.46916039136745868e-01	2.43736549423407227e-05	1.05095667312447280e-05	5.54810850519265454e-10
2.47006249229712843e-01	2.44296792191244962e-05	1.03320388030837036e-05	5.55939628132468490e-10
2.47011243515523615e-01	2.40358046411343476e-05	1.03981947005210503e-05	5.47962435708251819e-10
2.47123989330859412e-01	2.42457692293533907e-05	1.05407723010003009e-05	5.60177637602630568e-10
2.46815825839113073e-01	2.43654982412881638e-05	1.05680348570167492e-05	5.71913634345730538e-10
2.46764612311246856e-01	2.46248602294681839e-05	1.03180390778056972e-05	5.58261094558061915e-10
2.46892760684087997e-01	2.41029844333692683e-05	1.06235937366236885e-05	5.53960958890465063e-10
2.46978129150358300e-01	2.47181414351348707e-05	1.03595794251278174e-05	5.34085241516536139e-10
2.46891600604264849e-01	2.45430543803507595e-05	1.02209776427316290e-05	5.57772665882446627e-10
2.47049259056343284e-01	2.39926206001953112e-05	1.05270273259399534e-05	5.75823678689958327e-10
2.46785307095420403e-01	2.46903905879544924e-05	1.01575611226540544e-05	5.16397584155517241e-10
2.47154604626583230e-01	2.45030162375476519e-05	1.02776159437528297e-05	5.44584359198997565e-10
2.46927785498462310e-01	2.48655608306467241e-05	1.01027821911322815e-05	5.50135981965976504e-10
2.46900820693614215e-01	2.44597220083641547e-05	1.04028964339491979e-05	5.66608012652152489e-10
2.46970995321471959e-01	2.43817598365608439e-05	1.05175582693576538e-05	5.60417001475478237e-10
2.46898069508023593e-01	2.45122020263804153e-05	1.05659561572219491e-05	5.72801122599152086e-10
2.46969036315247442e-01	2.42535736766267273e-05	1.05222230046781700e-05	5.63320240575825559e-10
2.47068265410807869e-01	2.47083372418116398e-05	1.01462626447058929e-05	5.26969756581040800e-10
2.46855262110062285e-01	2.44359062943601519e-05	1.04502568572507601e-05	5.51153331129426361e-10
2.47093645672270990e-01	2.42400933133976837e-05	1.02928050496023590e-05	5.59762409655171793e-10
2.47072727995300223e-01	2.47166834540586083e-05	1.03621099934858111e-05	5.16422971411708265e-10
2.46835651736499156e-01	2.47556579492101351e-05	1.05851580120297635e-05	5.41477096815204903e-10
2.46991249386863371e-01	2.46276247609068609e-05	1.03257183133032377e-05	5.30156507718242775e-10
2.46866807945920946e-01	2.46100188956498830e-05	1.04590035708259530e-05	5.47131996996211860e-10
2.47014828754317323e-01	2.43655270722717475e-05	1.04077929625702999e-05	5.54358294561523852e-10
2.46955665514486139e-01	2.42897392673748493e-05	1.03615183419948497e-05	5.50483289015181427e-10
2.46968532715934191e-01	2.39163063906234261e-05	1.04562532975580851e-05	5.52265084126676897e-10
2.47056887781429563e-01	2.42055571739783886e-05	1.02407825898516854e-05	5.20458106577141553e-10
2.47117230846862990e-01	2.40240108737731198e-05	1.06366012428041900e-05	5.68771045634802074e-10
2.46814334436837729e-01	2.46835583497191757e-05	1.02667595230024017e-05	5.56661537207713035e-10
2.46952350172802676e-01	2.44383977049247912e-05	1.04244198561741658e-05	5.53300855407364661e-10
2.46938914206837973e-01	2.45328525211517919e-05	1.03858299894247514e-05	5.64699634832332301e-10
2.46886931548946698e-01	2.48074494795592191e-05	1.04414426660910341e-05	5.44222487445901845e-10
2.46845443249690821e-01	2.47337042198469247e-05	1.05312649021052051e-05	5.33109322253804853e-10
2.46923761614066040e-01	2.46570152814376800e-05	1.06867012827156673e-05	5.49931615314594613e-10
2.47004321198489279e-01	2.45980100173610698e-05	1.02930867955386022e-05	5.42452665722209020e-10
2.47017816116293393e-01	2.48718703899854338e-05	1.01508222062810504e-05	5.17795321935392579e-10
2.46897726490959174e-01	2.47454190178877305e-05	1.02688908518262629e-05	5.69469125335011694e-10
2.47005079701234143e-01	2.45116019161253878e-05	1.04609920498978657e-05	5.71829330463915967e-10
2.47019500743236531e-01	2.45294841286567042e-05	1.03874164802669817e-05	5.69367524259567066e-10
2.46994423718175538e-01	2.42600347664447058e-05	1.05108653630658503e-05	5.66162948227770446e-10
2.47022132128357302e-01	2.49099549446949427e-05	1.04094222747769960e-05	5.41733839691592216e-10
2.46939476176715383e-01	2.43872636761528202e-05	1.03442744480768706e-05	5.12421608594665232e-10
2.46759845202380479e-01	2.47182898620250375e-05	1.04183522476517344e-05	5.53883673595826983e-10
2.46856444177806861e-01	2.47924996737250706e-05	1.02534681771080859e-05	5.31745858140354791e-10
2.46892835004914879e-01	2.48008638219336268e-05	1.02667644942687812e-05	5.67332549073464274e-10
2.47066487762018228e-01	2.39956447665839583e-05	1.07223202583302313e-05	5.60534838599734162e-10
2.46895322458241029e-01	2.44712425681318710e-05	1.04746351009602765e-05	5.50954374906291287e-10
2.47094388265298726e-01	2.45908306038454213e-05	1.01504308213415340e-05	5.43441740108769942e-10
2.47088130817259721e-01	2.42408830246210832e-05	1.04035572318198417e-05	5.67889301814995331e-10
2.47023478709379102e-01	2.46853040572498286e-05	1.01349674140140261e-05	5.29897610055804089e-10
2.46907622813402561e-01	2.46874361895288146e-05	1.03589457263951469e-05	5.46192465909583593e-10
2.47114453886304708e-01	2.41980465605537196e-05	1.02676133040578860e-05	5.52888400954807599e-10
2.46962335561960594e-01	2.40626857233879309e-05	1.05632373292504347e-05	5.81000183781245482e-10
2.46992981004787726e-01	2.43504135288673539e-05	1.05236253159176212e-05	5.71718488075484235e-10
2.46907710957850385e-01	2.43456403311437078e-05	1.04738213415496276e-05	5.55728459906506121e-10
2.46901702771845560e-01	2.48151309009127920e-05	1.02758298799308160e-05	5.23091991029139317e-10
2.47087642464073748e-01	2.46043511728421589e-05	1.04862310425054494e-05	5.57178326293818959e-10
2.46825502860853474e-01	2.43119417911385905e-05	1.04006530674928575e-05	5.24517847896068181e-10
2.47149175855310960e-01	2.38905782501738621e-05	1.03734925294982301e-05	5.74781320578153072e-10
2.46772459939819055e-01	2.47970729684172208e-05	1.01131908513457080e-05	5.19150764548564120e-10
2.46942025943832744e-01	2.43322379445544815e-05	1.04370781967887457e-05	5.57003898515812101e-10
2.46995556189667953e-01	2.42616866942272348e-05	1.04214300556658672e-05	5.73417931841949919e-10
2.46787474709924987e-01	2.40793980732887666e-05	1.05267203745077657e-05	5.65932187926111239e-10
2.46864095351440438e-01	2.48298161199482690e-05	1.04218602069930462e-05	5.31892418427460934e-10
2.46975365652399914e-01	2.44155675025631674e-05	1.02115601903461769e-05	5.61366105088867234e-10
2.46838438490210588e-01	2.43620756219307093e-05	1.03405905141774507e-05	5.60716617480231087e-10
2.47016723538596578e-01	2.45265721586937504e-05	1.04194517274340246e-05	5.61609852423278483e-10
2.46868893469033263e-01	2.43488855272298734e-05	1.02362857255511410e-05	5.37486148792046112e-10
2.47062770021354461e-01	2.51428246109349120e-05	1.03729797619480351e-05	5.39579367365295226e-10
2.47021480974940200e-01	2.47216666349528289e-05	1.04937816549249947e-05	5.15774772167930183e-10
2.46759162063478532e-01	2.43365967175630761e-05	1.05733468868856527e-05	5.49813410241397336e-10
2.46977570016204906e-01	2.44386749544535123e-05	1.03678690983710146e-05	5.77492556618483865e-10
2.47002933890063975e-01	2.46575844398025849e-05	1.03704866266518220e-05	5.67640738366434307e-10
2.46980599784351246e-01	2.43554770792686648e-05	1.02797605354220366e-05	5.63506052093163100e-10
2.47000551702297955e-01	2.41478832123453728e-05	1.04916867012261745e-05	5.55496618387319819e-10
2.46877801492230847e-01	2.43070994243232525e-05	1.04860361552564697e-05	5.49113787866369715e-10
2.47023437721667488e-01	2.42912552576227289e-05	1.05583468333088123e-05	5.83313492991306015e-10
2.46949722203364752e-01	2.46937870363793181e-05	1.01742508871074584e-05	5.17804430377476424e-10
2.46945711451588029e-01	2.40480581755527345e-05	1.04944995529547477e-05	5.48737914976841142e-10
2.46964577412569497e-01	2.43177130384705406e-05	1.04659271119778621e-05	5.51151101987103977e-10
2.47069123184614714e-01	2.48658036565785580e-05	1.04296135799212138e-05	5.32076857375434870e-10
2.46859199152663356e-01	2.46430687411500786e-05	1.03804360485452165e-05	5.15857109020263361e-10
2.46767888940041674e-01	2.43537324132399560e-05	1.02472608505749882e-05	5.36275451739835690e-10
2.46701890834294890e-01	2.41549904762943623e-05	1.07574898295335750e-05	5.76672994303974290e-10
2.47089192543872349e-01	2.48543617901242869e-05	1.03135829096523377e-05	5.15959328143928361e-10
2.46977298954862257e-01	2.43307879503911655e-05	1.04428135178003106e-05	5.45068620631056725e-10
2.46911859706187398e-01	2.40824437113412771e-05	1.05690639830850909e-05	5.79129358242133962e-10
2.46870457383228770e-01	2.41732205267758841e-05	1.04500205989532258e-05	5.59912170251183973e-10
2.47051606643962418e-01	2.37753918907495389e-05	1.05865318391609966e-05	5.82219155166940600e-10
2.47042274772619752e-01	2.42491767724040888e-05	1.04605347769210357e-05	5.54071250336772127e-10
2.46881589510270727e-01	2.45782409457435249e-05	1.04422958689511898e-05	5.53521418244403330e-10
2.47053845546816697e-01	2.46126410753608577e-05	1.02056904433030012e-05	5.51842219193062972e-10
2.47132755873613830e-01	2.42811698467889534e-05	1.04116806016090752e-05	5.69030044312786973e-10
2.46981387515163631e-01	2.48198589301752766e-05	1.03248905969695878e-05	5.25815758533598491e-10
2.47111264685155041e-01	2.42891033428197895e-05	1.04890419002064090e-05	5.30415084421349048e-10
2.47023931931021595e-01	2.42077469491741003e-05	1.03833189774505867e-05	5.59022869577974379e-10
2.46851260975561759e-01	2.43147090128407763e-05	1.05262229404431252e-05	5.58748931461763437e-10
2.47144797426252866e-01	2.45000851408729650e-05	1.04379564909968258e-05	5.31997004885117972e-10
2.47099842064357006e-01	2.45359767780445002e-05	1.01894440176661865e-05	5.44166947208007097e-10
2.47015449475842225e-01	2.43409349308281200e-05	1.03895618824601015e-05	5.34946134098396755e-10
2.46847279360130040e-01	2.47806286671437164e-05	1.00444502982457573e-05	5.33512448438221075e-10
2.47015020161102827e-01	2.46141176394114146e-05	1.04295583444638333e-05	5.36404209048729750e-10
2.46928784828760711e-01	2.41571611905786757e-05	1.04484758972578556e-05	5.81129082775796011e-10
2.47049313067531667e-01	2.42075187798190982e-05	1.02006643309128724e-05	5.58926073300301049e-10
2.47109275915330856e-01	2.46004648618625875e-05	1.03510527065392449e-05	5.33782379137294508e-10
2.47019975135018943e-01	2.40727215626729431e-05	1.04621542137198486e-05	5.37968605442669576e-10
2.46940007565646186e-01	2.45391621759858533e-05	1.03170427373865223e-05	5.55023124845866242e-10
2.47060387327512176e-01	2.46085740440257460e-05	1.07244433573673402e-05	5.72067602865260719e-10
2.46949324869386005e-01	2.45869566460729201e-05	1.03664114008300934e-05	5.46628553852564913e-10
2.47017049143094830e-01	2.42444630500039227e-05	1.04916617958233764e-05	5.63239436536237535e-10
2.46980993164011425e-01	2.47203135988077330e-05	1.04743615045180726e-05	5.53107678273563706e-10
2.46946154830213815e-01	2.44101259249958862e-05	1.02657086576122695e-05	5.44386051149879901e-10
2.46820749772652198e-01	2.47784851680129922e-05	1.04975824925680920e-05	5.57435050366766263e-10
2.46936341249817781e-01	2.46408711789518890e-05	1.02897932766734970e-05	5.37491789243217300e-10
2.46881593110151509e-01	2.40603122956678720e-05	1.04929445829459445e-05	5.73464160022425099e-10
